id,basename,title,topic_id,topic,scenario,team,staff_count,launched,actual_difficulty,resolved,mentions_price,price_only_at_end,body_characters,date,status,body_sha256
JEV-0001,jev-demo-0001,国産クラウドへのサイト移行の運用ノート — あさぎ情報室 [JEV-0001],T01,国産クラウドへのサイト移行,S01,あさぎ情報室,4,1,1,1,1,0,587,2024-10-31 04:00:00,Draft,cf09b186617a40e9d7a8e366473647c5aff9071205259a1fb0134c2c2dd60ca8
JEV-0002,jev-demo-0002,国産クラウドへのサイト移行の担当者の記録 — つむぎ広報室 [JEV-0002],T01,国産クラウドへのサイト移行,S01,つむぎ広報室,7,1,1,1,1,0,595,2025-08-30 23:00:00,Draft,08c4bd7b093a38da1f8d4315cb83f7323675650f84a7eb498caf76684eae3f77
JEV-0003,jev-demo-0003,国産クラウドへのサイト移行の作業日誌 — こもれび制作室 [JEV-0003],T01,国産クラウドへのサイト移行,S01,こもれび制作室,12,1,1,1,1,0,596,2026-06-30 18:00:00,Draft,b12634c8aa6905d9ee12df657bc57b930602ce631db4198e51b460f1f6090127
JEV-0004,jev-demo-0004,国産クラウドへのサイト移行の現場からの報告 — みなと企画室 [JEV-0004],T01,国産クラウドへのサイト移行,S01,みなと企画室,18,1,1,1,1,0,600,2024-09-14 05:00:00,Draft,1d72516421538c6229766898a028b7e624e7c9a57af953e3c883df859a29f21a
JEV-0005,jev-demo-0005,国産クラウドへのサイト移行の取り組みのメモ — しおり運用室 [JEV-0005],T01,国産クラウドへのサイト移行,S01,しおり運用室,25,1,1,1,1,0,605,2025-07-15 00:00:00,Draft,9adf60484f0f2715ad213141113a8dfac0346c12d35748c6764b1178da714442
JEV-0006,jev-demo-0006,国産クラウドへのサイト移行の運用ノート — あさぎ情報室 [JEV-0006],T01,国産クラウドへのサイト移行,S02,あさぎ情報室,4,1,1,1,0,0,529,2026-05-14 19:00:00,Draft,fc63103cd6e19edeb5afcffe7bff806bd5e67d3dc3771760d995399eccda2e57
JEV-0007,jev-demo-0007,国産クラウドへのサイト移行の担当者の記録 — つむぎ広報室 [JEV-0007],T01,国産クラウドへのサイト移行,S02,つむぎ広報室,7,1,1,1,0,0,537,2024-07-29 06:00:00,Draft,4c53ff7d3fc45d0ee1159a9d60a5642167b348d2c99d28d6f69cea6a9705537b
JEV-0008,jev-demo-0008,国産クラウドへのサイト移行の作業日誌 — こもれび制作室 [JEV-0008],T01,国産クラウドへのサイト移行,S02,こもれび制作室,12,1,1,1,0,0,538,2025-05-29 01:00:00,Draft,57ca518f441c563c23ce3a0e867061de93779ef526fc6ad92fca4cb26ad3ab42
JEV-0009,jev-demo-0009,国産クラウドへのサイト移行の現場からの報告 — みなと企画室 [JEV-0009],T01,国産クラウドへのサイト移行,S02,みなと企画室,18,1,1,1,0,0,542,2026-03-28 20:00:00,Draft,4d7bad86781ab781beb0defa7b284801f5333f20675f891a6fafdcaf1a6814b1
JEV-0010,jev-demo-0010,国産クラウドへのサイト移行の取り組みのメモ — しおり運用室 [JEV-0010],T01,国産クラウドへのサイト移行,S02,しおり運用室,25,1,1,1,0,0,547,2024-06-12 07:00:00,Draft,3afd0f63b4da49bfc25135acb6e65f9756a9dd1f23485b31a1f3bb9a84ebf7bc
JEV-0011,jev-demo-0011,国産クラウドへのサイト移行の運用ノート — あさぎ情報室 [JEV-0011],T01,国産クラウドへのサイト移行,S03,あさぎ情報室,4,1,0,0,0,0,444,2025-04-12 02:00:00,Draft,23605e2ccffb3af75db2f8741eeef8ccfb9e81334f9093d368982788eca93ed4
JEV-0012,jev-demo-0012,国産クラウドへのサイト移行の担当者の記録 — つむぎ広報室 [JEV-0012],T01,国産クラウドへのサイト移行,S03,つむぎ広報室,7,1,0,0,0,0,452,2026-02-09 21:00:00,Draft,d98b8ee152c2e05bd0dbafa81b0b9d7ef961c459d3346ef0da73e8007c9bc91b
JEV-0013,jev-demo-0013,国産クラウドへのサイト移行の作業日誌 — こもれび制作室 [JEV-0013],T01,国産クラウドへのサイト移行,S03,こもれび制作室,12,1,0,0,0,0,453,2024-04-26 08:00:00,Draft,e7047cd29bb674f94342f87b8c20f13dd892b049f1d78c053ad80bd33f212084
JEV-0014,jev-demo-0014,国産クラウドへのサイト移行の現場からの報告 — みなと企画室 [JEV-0014],T01,国産クラウドへのサイト移行,S03,みなと企画室,18,1,0,0,0,0,457,2025-02-24 03:00:00,Draft,d349e0ff23ef2295654c28f773852614b1f343fbc6f75b3f7e3b16a2c3dad420
JEV-0015,jev-demo-0015,国産クラウドへのサイト移行の取り組みのメモ — しおり運用室 [JEV-0015],T01,国産クラウドへのサイト移行,S03,しおり運用室,25,1,0,0,0,0,462,2025-12-24 22:00:00,Draft,0dd32119ee87f664d2ebf02d08cc9b3a75e125b0b8ab05318489ac91b4764c18
JEV-0016,jev-demo-0016,国産クラウドへのサイト移行の運用ノート — あさぎ情報室 [JEV-0016],T01,国産クラウドへのサイト移行,S04,あさぎ情報室,4,0,0,0,0,0,534,2024-03-10 09:00:00,Draft,c58da81fb64d50c4bf8aeb6eb0febc5ff8fe41798a5e16517cae7c8e1f31563d
JEV-0017,jev-demo-0017,国産クラウドへのサイト移行の担当者の記録 — つむぎ広報室 [JEV-0017],T01,国産クラウドへのサイト移行,S04,つむぎ広報室,7,0,0,0,0,0,542,2025-01-08 04:00:00,Draft,fa7f09b5696a3ac49770bfca864d43a9a9d155f16b9eb18a85a5b4195509ba21
JEV-0018,jev-demo-0018,国産クラウドへのサイト移行の作業日誌 — こもれび制作室 [JEV-0018],T01,国産クラウドへのサイト移行,S04,こもれび制作室,12,0,0,0,0,0,543,2025-11-07 23:00:00,Draft,fb352d59fa61368b1a4b1c5631d6698a513d36790f37a6df59cc8c5e209655fc
JEV-0019,jev-demo-0019,国産クラウドへのサイト移行の現場からの報告 — みなと企画室 [JEV-0019],T01,国産クラウドへのサイト移行,S04,みなと企画室,18,0,0,0,0,0,547,2024-01-23 10:00:00,Draft,5e1719654d835e945b3e2d1b5705a2cf462b9fcf610c5a658748438a25d13914
JEV-0020,jev-demo-0020,国産クラウドへのサイト移行の取り組みのメモ — しおり運用室 [JEV-0020],T01,国産クラウドへのサイト移行,S04,しおり運用室,25,0,0,0,0,0,552,2024-11-22 05:00:00,Draft,9bbf26ff57b3824f070f1620dcea797e94eb463ace61ed016a929525c972e72e
JEV-0021,jev-demo-0021,国産クラウドへのサイト移行の運用ノート — あさぎ情報室 [JEV-0021],T01,国産クラウドへのサイト移行,S05,あさぎ情報室,4,0,0,0,1,0,521,2025-09-22 00:00:00,Draft,ecbd5e618fb52693b4b8c01d0ee146f9593f88c3a4b31c7b41092739913c6290
JEV-0022,jev-demo-0022,国産クラウドへのサイト移行の担当者の記録 — つむぎ広報室 [JEV-0022],T01,国産クラウドへのサイト移行,S05,つむぎ広報室,7,0,0,0,1,0,531,2026-07-22 19:00:00,Draft,65d893683cda15d78018fe15ebd82b3c7706c8646b3c1a8effcddb9ea1f61f30
JEV-0023,jev-demo-0023,国産クラウドへのサイト移行の作業日誌 — こもれび制作室 [JEV-0023],T01,国産クラウドへのサイト移行,S05,こもれび制作室,12,0,0,0,1,0,533,2024-10-06 06:00:00,Draft,ce874e0b093c06d37f6993b7236c94fb8fad23ba4b52f8b64f3d933ec9aaae93
JEV-0024,jev-demo-0024,国産クラウドへのサイト移行の現場からの報告 — みなと企画室 [JEV-0024],T01,国産クラウドへのサイト移行,S05,みなと企画室,18,0,0,0,1,0,536,2025-08-06 01:00:00,Draft,775996f2eef0180cb8f4a9958b0580e58ac128c43eadc25c35e0fceae1d2a0b0
JEV-0025,jev-demo-0025,国産クラウドへのサイト移行の取り組みのメモ — しおり運用室 [JEV-0025],T01,国産クラウドへのサイト移行,S05,しおり運用室,25,0,0,0,1,0,543,2026-06-05 20:00:00,Draft,804d989fbb5253659385d9480910466055428fd9e43aebffacfb448ecc17e210
JEV-0026,jev-demo-0026,国産クラウドへのサイト移行の運用ノート — あさぎ情報室 [JEV-0026],T01,国産クラウドへのサイト移行,S06,あさぎ情報室,4,1,0,0,1,0,502,2024-08-20 07:00:00,Draft,7f6b9ac901212b3f80cdef266d6ed8e89d1d4bfa7fbc16189436382a2353ffea
JEV-0027,jev-demo-0027,国産クラウドへのサイト移行の担当者の記録 — つむぎ広報室 [JEV-0027],T01,国産クラウドへのサイト移行,S06,つむぎ広報室,7,1,0,0,1,0,510,2025-06-20 02:00:00,Draft,c25e18605ed1963298feb624aa971ab4fadf0045842e321a62e4ec8114561b9c
JEV-0028,jev-demo-0028,国産クラウドへのサイト移行の作業日誌 — こもれび制作室 [JEV-0028],T01,国産クラウドへのサイト移行,S06,こもれび制作室,12,1,0,0,1,0,511,2026-04-19 21:00:00,Draft,80b84054ae03002b98784ddc8b7a7a6ef3e6fa6b83842bc5a9e9e48c8d6958d1
JEV-0029,jev-demo-0029,国産クラウドへのサイト移行の現場からの報告 — みなと企画室 [JEV-0029],T01,国産クラウドへのサイト移行,S06,みなと企画室,18,1,0,0,1,0,515,2024-07-04 08:00:00,Draft,ffd0092b4ef17de4469be468d39a1bd293599f7d8256d0202a9b511f6c8a9741
JEV-0030,jev-demo-0030,国産クラウドへのサイト移行の取り組みのメモ — しおり運用室 [JEV-0030],T01,国産クラウドへのサイト移行,S06,しおり運用室,25,1,0,0,1,0,520,2025-05-04 03:00:00,Draft,2411f29ede5d6aa47257fce3d4f5311247184ba88a78b489f58b42513d8a2b4a
JEV-0031,jev-demo-0031,国産クラウドへのサイト移行の運用ノート — あさぎ情報室 [JEV-0031],T01,国産クラウドへのサイト移行,S07,あさぎ情報室,4,1,0,0,1,1,502,2026-03-03 22:00:00,Draft,38f16b2e0d7cd7c5553286e18f2fda8888c26696633d3b9dc0aad0d3af622df5
JEV-0032,jev-demo-0032,国産クラウドへのサイト移行の担当者の記録 — つむぎ広報室 [JEV-0032],T01,国産クラウドへのサイト移行,S07,つむぎ広報室,7,1,0,0,1,1,510,2024-05-18 09:00:00,Draft,73a25b9fea94942c3abdb9e8a44590f47a8cdbc886b48039264aa33c3271246f
JEV-0033,jev-demo-0033,国産クラウドへのサイト移行の作業日誌 — こもれび制作室 [JEV-0033],T01,国産クラウドへのサイト移行,S07,こもれび制作室,12,1,0,0,1,1,511,2025-03-18 04:00:00,Draft,b6853ae17c26b807a6c68d0efcd03a0b43e2c96679ec0a3df90cc66e4f871ad0
JEV-0034,jev-demo-0034,国産クラウドへのサイト移行の現場からの報告 — みなと企画室 [JEV-0034],T01,国産クラウドへのサイト移行,S07,みなと企画室,18,1,0,0,1,1,515,2026-01-15 23:00:00,Draft,314e9ea19e7476dd299cfe57391e5d2376f9d43431292b835c0df1e03d9c8f33
JEV-0035,jev-demo-0035,国産クラウドへのサイト移行の取り組みのメモ — しおり運用室 [JEV-0035],T01,国産クラウドへのサイト移行,S07,しおり運用室,25,1,0,0,1,1,520,2024-04-01 10:00:00,Draft,5d7bb977436e6c8ec05b6c0f2614247f19a07416c2468428c7b74ecb9bfbeea9
JEV-0036,jev-demo-0036,国産クラウドへのサイト移行の運用ノート — あさぎ情報室 [JEV-0036],T01,国産クラウドへのサイト移行,S08,あさぎ情報室,4,1,1,1,0,0,552,2025-01-30 05:00:00,Draft,0437d5690a8818604b851ad5e544c2760c54ccd0a3c61318f97a253f38914818
JEV-0037,jev-demo-0037,国産クラウドへのサイト移行の担当者の記録 — つむぎ広報室 [JEV-0037],T01,国産クラウドへのサイト移行,S08,つむぎ広報室,7,1,1,1,0,0,560,2025-11-30 00:00:00,Draft,037e9a4ec966650ec1462b37471256779ecd6047c5c6cfa16cdd560a50fd4d77
JEV-0038,jev-demo-0038,国産クラウドへのサイト移行の作業日誌 — こもれび制作室 [JEV-0038],T01,国産クラウドへのサイト移行,S08,こもれび制作室,12,1,1,1,0,0,561,2024-02-14 11:00:00,Draft,7de7a67ef95fb2a45a5fa8d9c4cfb6ccbb1b01bc2e5fbfe7462217bedb8daeb7
JEV-0039,jev-demo-0039,国産クラウドへのサイト移行の現場からの報告 — みなと企画室 [JEV-0039],T01,国産クラウドへのサイト移行,S08,みなと企画室,18,1,1,1,0,0,565,2024-12-14 06:00:00,Draft,59775700bfc7d74f5aae85cf302cb0b729d3abf4ddf954620a6bd0b02711be57
JEV-0040,jev-demo-0040,国産クラウドへのサイト移行の取り組みのメモ — しおり運用室 [JEV-0040],T01,国産クラウドへのサイト移行,S08,しおり運用室,25,1,1,1,0,0,570,2025-10-14 01:00:00,Draft,96b7f41af1b17581909304bb52bc8dd80355a58ac5d63fd9592f1fb70e8f8a42
JEV-0041,jev-demo-0041,国産クラウドへのサイト移行の運用ノート — あさぎ情報室 [JEV-0041],T01,国産クラウドへのサイト移行,S09,あさぎ情報室,4,1,1,0,0,0,502,2026-08-13 20:00:00,Draft,3e23ab6afe58290bf235d727b848ff9727e305342dc63325b2da9ffa38e764d7
JEV-0042,jev-demo-0042,国産クラウドへのサイト移行の担当者の記録 — つむぎ広報室 [JEV-0042],T01,国産クラウドへのサイト移行,S09,つむぎ広報室,7,1,1,0,0,0,510,2024-10-28 07:00:00,Draft,98e25be02ac309ddfe674848c179abaf0d3b8ebbe2c3df3496813b446f40dfe2
JEV-0043,jev-demo-0043,国産クラウドへのサイト移行の作業日誌 — こもれび制作室 [JEV-0043],T01,国産クラウドへのサイト移行,S09,こもれび制作室,12,1,1,0,0,0,511,2025-08-28 02:00:00,Draft,d7f39655ba81e9d2f865da82c362acff90f9de0b4e947f7e36d008fdf492c1ed
JEV-0044,jev-demo-0044,国産クラウドへのサイト移行の現場からの報告 — みなと企画室 [JEV-0044],T01,国産クラウドへのサイト移行,S09,みなと企画室,18,1,1,0,0,0,515,2026-06-27 21:00:00,Draft,98528ea13abd635881f4f244e8fe64ddfa43a10757495e96bb0c3c6e2a7f73d4
JEV-0045,jev-demo-0045,国産クラウドへのサイト移行の取り組みのメモ — しおり運用室 [JEV-0045],T01,国産クラウドへのサイト移行,S09,しおり運用室,25,1,1,0,0,0,520,2024-09-11 08:00:00,Draft,bca037ba2eb9a275affdcecc33a47d07a80dd8480c0eb813677cebb208c525e8
JEV-0046,jev-demo-0046,国産クラウドへのサイト移行の運用ノート — あさぎ情報室 [JEV-0046],T01,国産クラウドへのサイト移行,S10,あさぎ情報室,4,1,0,0,0,0,507,2025-07-12 03:00:00,Draft,dbe1badd74fc90ed2b0b77ea2a13264bec1a9f2fd7d7b915c0ef4b3f5104524b
JEV-0047,jev-demo-0047,国産クラウドへのサイト移行の担当者の記録 — つむぎ広報室 [JEV-0047],T01,国産クラウドへのサイト移行,S10,つむぎ広報室,7,1,0,0,0,0,515,2026-05-11 22:00:00,Draft,aae00ff8c1a3c6334db665719db31d6ae1b6af955d009039bed4918edbed20d9
JEV-0048,jev-demo-0048,国産クラウドへのサイト移行の作業日誌 — こもれび制作室 [JEV-0048],T01,国産クラウドへのサイト移行,S10,こもれび制作室,12,1,0,0,0,0,516,2024-07-26 09:00:00,Draft,d8d70c80be4dcd99c8493f2e9b0d04999815d20595a028dae2703ee8d7f6e59e
JEV-0049,jev-demo-0049,国産クラウドへのサイト移行の現場からの報告 — みなと企画室 [JEV-0049],T01,国産クラウドへのサイト移行,S10,みなと企画室,18,1,0,0,0,0,520,2025-05-26 04:00:00,Draft,802602ccfef8bdd4287e32e66f4374e9aa51ef2fd4cda968acb625a96bf4784e
JEV-0050,jev-demo-0050,国産クラウドへのサイト移行の取り組みのメモ — しおり運用室 [JEV-0050],T01,国産クラウドへのサイト移行,S10,しおり運用室,25,1,0,0,0,0,525,2026-03-25 23:00:00,Draft,1178a7e546843591a257b9d2b1d9c14a0f66c78306aaf035459d2cd40879968b
JEV-0051,jev-demo-0051,Movable Typeの承認フローの運用ノート — あさぎ情報室 [JEV-0051],T02,Movable Typeの承認フロー,S01,あさぎ情報室,4,1,1,1,1,0,590,2024-06-09 10:00:00,Draft,40e53f451a90858fd3effeded56b29a28bbd9c2965f97909a80fe53f22f152c2
JEV-0052,jev-demo-0052,Movable Typeの承認フローの担当者の記録 — つむぎ広報室 [JEV-0052],T02,Movable Typeの承認フロー,S01,つむぎ広報室,7,1,1,1,1,0,598,2025-04-09 05:00:00,Draft,56e2cfb03ca406d7d80bee8a3beff945ac82db491a749b52568434a7f2b4de5c
JEV-0053,jev-demo-0053,Movable Typeの承認フローの作業日誌 — こもれび制作室 [JEV-0053],T02,Movable Typeの承認フロー,S01,こもれび制作室,12,1,1,1,1,0,599,2026-02-07 00:00:00,Draft,639285b434f1d5f41cdc6f690e38fa4c905c24bc34ed7fec157f24258a713fe1
JEV-0054,jev-demo-0054,Movable Typeの承認フローの現場からの報告 — みなと企画室 [JEV-0054],T02,Movable Typeの承認フロー,S01,みなと企画室,18,1,1,1,1,0,603,2024-04-23 11:00:00,Draft,b9f8d7be4177db4792e9f12de7473de38f686ef0d70164f0c4c6dd18f437dbfd
JEV-0055,jev-demo-0055,Movable Typeの承認フローの取り組みのメモ — しおり運用室 [JEV-0055],T02,Movable Typeの承認フロー,S01,しおり運用室,25,1,1,1,1,0,608,2025-02-21 06:00:00,Draft,9115cf8628619a6cc14f04ded32a3740514f1cd08298e595e5a207e792720d9e
JEV-0056,jev-demo-0056,Movable Typeの承認フローの運用ノート — あさぎ情報室 [JEV-0056],T02,Movable Typeの承認フロー,S02,あさぎ情報室,4,1,1,1,0,0,532,2025-12-22 01:00:00,Draft,4c70c8b13ca3804ec772892490d874351ec0d8cb9e358e22d7f27cd283a131b9
JEV-0057,jev-demo-0057,Movable Typeの承認フローの担当者の記録 — つむぎ広報室 [JEV-0057],T02,Movable Typeの承認フロー,S02,つむぎ広報室,7,1,1,1,0,0,540,2024-03-07 12:00:00,Draft,edb0e0891e0fae928a2e9bd12f39dd446a223bf66343884f7b794901ea3446b4
JEV-0058,jev-demo-0058,Movable Typeの承認フローの作業日誌 — こもれび制作室 [JEV-0058],T02,Movable Typeの承認フロー,S02,こもれび制作室,12,1,1,1,0,0,541,2025-01-05 07:00:00,Draft,0e25d50834841a9d50a1b64629491642fffa879e5f367c63fdf9826578f24d3c
JEV-0059,jev-demo-0059,Movable Typeの承認フローの現場からの報告 — みなと企画室 [JEV-0059],T02,Movable Typeの承認フロー,S02,みなと企画室,18,1,1,1,0,0,545,2025-11-05 02:00:00,Draft,4896a0ea60f48f53e4c858da1f81d3bb712ca41b6a10324434224a0c25039a33
JEV-0060,jev-demo-0060,Movable Typeの承認フローの取り組みのメモ — しおり運用室 [JEV-0060],T02,Movable Typeの承認フロー,S02,しおり運用室,25,1,1,1,0,0,550,2024-01-20 13:00:00,Draft,a77d3662ad1b69f37853b0a3ccfeaeadce7c836dc4fabde7938e47cfb48b76c0
JEV-0061,jev-demo-0061,Movable Typeの承認フローの運用ノート — あさぎ情報室 [JEV-0061],T02,Movable Typeの承認フロー,S03,あさぎ情報室,4,1,0,0,0,0,445,2024-11-19 08:00:00,Draft,73b58cbc82f4d31e235f14b176588d6d9be92c7fede9ab10af4775327b15105a
JEV-0062,jev-demo-0062,Movable Typeの承認フローの担当者の記録 — つむぎ広報室 [JEV-0062],T02,Movable Typeの承認フロー,S03,つむぎ広報室,7,1,0,0,0,0,453,2025-09-19 03:00:00,Draft,a0860a932a619a87832c5ecf6022df941f77e0f8c5bbd48e4746486f38231b3d
JEV-0063,jev-demo-0063,Movable Typeの承認フローの作業日誌 — こもれび制作室 [JEV-0063],T02,Movable Typeの承認フロー,S03,こもれび制作室,12,1,0,0,0,0,454,2026-07-19 22:00:00,Draft,cdbe374dacba7554be740cb9aebcc1107e86ca17cf9ea5edc73ed0e01a969a6d
JEV-0064,jev-demo-0064,Movable Typeの承認フローの現場からの報告 — みなと企画室 [JEV-0064],T02,Movable Typeの承認フロー,S03,みなと企画室,18,1,0,0,0,0,458,2024-10-03 09:00:00,Draft,547e5e74ad1ca36f91fafe97c0b5dc04722cc450f509f022f30c93b9be4ca0e3
JEV-0065,jev-demo-0065,Movable Typeの承認フローの取り組みのメモ — しおり運用室 [JEV-0065],T02,Movable Typeの承認フロー,S03,しおり運用室,25,1,0,0,0,0,463,2025-08-03 04:00:00,Draft,b33a2a665527fef7d880ed3d19f47798d8b7d0e9dcd8bcc3bfa742b4494b94c3
JEV-0066,jev-demo-0066,Movable Typeの承認フローの運用ノート — あさぎ情報室 [JEV-0066],T02,Movable Typeの承認フロー,S04,あさぎ情報室,4,0,0,0,0,0,537,2026-06-02 23:00:00,Draft,789f82a28f8c3658d66f96ff965cbce840e2d91cf962645fe5c1c6ecaf672d31
JEV-0067,jev-demo-0067,Movable Typeの承認フローの担当者の記録 — つむぎ広報室 [JEV-0067],T02,Movable Typeの承認フロー,S04,つむぎ広報室,7,0,0,0,0,0,545,2024-08-17 10:00:00,Draft,e730ea3269c92dc8b5a1bb40c335d62d92f3b321a1a637cca2940a3fe63a0331
JEV-0068,jev-demo-0068,Movable Typeの承認フローの作業日誌 — こもれび制作室 [JEV-0068],T02,Movable Typeの承認フロー,S04,こもれび制作室,12,0,0,0,0,0,546,2025-06-17 05:00:00,Draft,6df8e3fc8d6869ca766667fbb41a412e76590dafd7a9cf63309b5da80efb67bb
JEV-0069,jev-demo-0069,Movable Typeの承認フローの現場からの報告 — みなと企画室 [JEV-0069],T02,Movable Typeの承認フロー,S04,みなと企画室,18,0,0,0,0,0,550,2026-04-17 00:00:00,Draft,6484518903226c9a371f71d4347e9665e6ceaf725aea4c9803da8ee61b5b13fa
JEV-0070,jev-demo-0070,Movable Typeの承認フローの取り組みのメモ — しおり運用室 [JEV-0070],T02,Movable Typeの承認フロー,S04,しおり運用室,25,0,0,0,0,0,555,2024-07-01 11:00:00,Draft,72f94620df055781cd5c6dc17af17f1102f579c7dec239e3fc5c96ecafbcaba5
JEV-0071,jev-demo-0071,Movable Typeの承認フローの運用ノート — あさぎ情報室 [JEV-0071],T02,Movable Typeの承認フロー,S05,あさぎ情報室,4,0,0,0,1,0,522,2025-05-01 06:00:00,Draft,a26ce5f563ca28e2e54141a76370616fc6d3a2cf0d86b29b74533c318ee67fa2
JEV-0072,jev-demo-0072,Movable Typeの承認フローの担当者の記録 — つむぎ広報室 [JEV-0072],T02,Movable Typeの承認フロー,S05,つむぎ広報室,7,0,0,0,1,0,532,2026-03-01 01:00:00,Draft,39a4a5b503e965be1e7c1e21486bde17eb52a869336984eac5a8c7ee66f326dc
JEV-0073,jev-demo-0073,Movable Typeの承認フローの作業日誌 — こもれび制作室 [JEV-0073],T02,Movable Typeの承認フロー,S05,こもれび制作室,12,0,0,0,1,0,534,2024-05-15 12:00:00,Draft,1a3aac7f1d87912a8bd494052120fd902d7714534636feb6b4002dee9166e305
JEV-0074,jev-demo-0074,Movable Typeの承認フローの現場からの報告 — みなと企画室 [JEV-0074],T02,Movable Typeの承認フロー,S05,みなと企画室,18,0,0,0,1,0,537,2025-03-15 07:00:00,Draft,860248f0c006ea7ba3beaff3771aa1fc8feece792e94d21c9442d003cfc892a4
JEV-0075,jev-demo-0075,Movable Typeの承認フローの取り組みのメモ — しおり運用室 [JEV-0075],T02,Movable Typeの承認フロー,S05,しおり運用室,25,0,0,0,1,0,544,2026-01-13 02:00:00,Draft,004b621850f2a14a5416cda12c246d8f3b3791b424a6b5f47f228eb16889b6ab
JEV-0076,jev-demo-0076,Movable Typeの承認フローの運用ノート — あさぎ情報室 [JEV-0076],T02,Movable Typeの承認フロー,S06,あさぎ情報室,4,1,0,0,1,0,503,2024-03-29 13:00:00,Draft,0d7fcea7444873a77d70e45f28ef4acda85490b954de2e39a36b1d29c63b5a74
JEV-0077,jev-demo-0077,Movable Typeの承認フローの担当者の記録 — つむぎ広報室 [JEV-0077],T02,Movable Typeの承認フロー,S06,つむぎ広報室,7,1,0,0,1,0,511,2025-01-27 08:00:00,Draft,2b37d2c9fd4fac6ba758979b099d8ff60b101df1ee67fdb83f24dcb7a34a2597
JEV-0078,jev-demo-0078,Movable Typeの承認フローの作業日誌 — こもれび制作室 [JEV-0078],T02,Movable Typeの承認フロー,S06,こもれび制作室,12,1,0,0,1,0,512,2025-11-27 03:00:00,Draft,90b35b53cf3346df67a84ba5363aef3a3d1f7223afb64be9bd863476c44bab9d
JEV-0079,jev-demo-0079,Movable Typeの承認フローの現場からの報告 — みなと企画室 [JEV-0079],T02,Movable Typeの承認フロー,S06,みなと企画室,18,1,0,0,1,0,516,2024-02-11 14:00:00,Draft,dd4ce0c9498c1256508f60dac8f5851b12d886bc4730193ff8c5fac4ff78206a
JEV-0080,jev-demo-0080,Movable Typeの承認フローの取り組みのメモ — しおり運用室 [JEV-0080],T02,Movable Typeの承認フロー,S06,しおり運用室,25,1,0,0,1,0,521,2024-12-11 09:00:00,Draft,f4a2871dfad7a92dbc1e8f13f31da41360724a9137361e30546429090332ea75
JEV-0081,jev-demo-0081,Movable Typeの承認フローの運用ノート — あさぎ情報室 [JEV-0081],T02,Movable Typeの承認フロー,S07,あさぎ情報室,4,1,0,0,1,1,503,2025-10-11 04:00:00,Draft,e7f65818aa2d038ffa95f6aacd5ab0e0df322f394f5729727a059f910107ab38
JEV-0082,jev-demo-0082,Movable Typeの承認フローの担当者の記録 — つむぎ広報室 [JEV-0082],T02,Movable Typeの承認フロー,S07,つむぎ広報室,7,1,0,0,1,1,511,2026-08-10 23:00:00,Draft,cb8b4b736ad8fd7fbbfa30b8c7337f8dc2120817012e4977239efbb0a4cf2d78
JEV-0083,jev-demo-0083,Movable Typeの承認フローの作業日誌 — こもれび制作室 [JEV-0083],T02,Movable Typeの承認フロー,S07,こもれび制作室,12,1,0,0,1,1,512,2024-10-25 10:00:00,Draft,7ff0bb23584fe3207f2c9d5d5b98af14d184e766e075ea25403a4d24ab4b233c
JEV-0084,jev-demo-0084,Movable Typeの承認フローの現場からの報告 — みなと企画室 [JEV-0084],T02,Movable Typeの承認フロー,S07,みなと企画室,18,1,0,0,1,1,516,2025-08-25 05:00:00,Draft,02355247f8314b5c9caa12ecc66ee50eb38357df96882fb36ef73d9c10a8bdee
JEV-0085,jev-demo-0085,Movable Typeの承認フローの取り組みのメモ — しおり運用室 [JEV-0085],T02,Movable Typeの承認フロー,S07,しおり運用室,25,1,0,0,1,1,521,2026-06-25 00:00:00,Draft,9e00ff0ec531fd8542a9af9fd6d7b8d518cfc5e1b2198f6730b8751a4ab9e675
JEV-0086,jev-demo-0086,Movable Typeの承認フローの運用ノート — あさぎ情報室 [JEV-0086],T02,Movable Typeの承認フロー,S08,あさぎ情報室,4,1,1,1,0,0,555,2024-09-08 11:00:00,Draft,b7074717ea2047dd179057f381abc3ed03a4fabefa08af9cce3b4ac855189e43
JEV-0087,jev-demo-0087,Movable Typeの承認フローの担当者の記録 — つむぎ広報室 [JEV-0087],T02,Movable Typeの承認フロー,S08,つむぎ広報室,7,1,1,1,0,0,563,2025-07-09 06:00:00,Draft,ccf31efacc85f8eb1d91bdb1d1e99f6b23188972f7c7443bc13b0e279ab22006
JEV-0088,jev-demo-0088,Movable Typeの承認フローの作業日誌 — こもれび制作室 [JEV-0088],T02,Movable Typeの承認フロー,S08,こもれび制作室,12,1,1,1,0,0,564,2026-05-09 01:00:00,Draft,045218681b8b7331a4214522d010bedbec88c77ad7c2e899e765935fb21c14eb
JEV-0089,jev-demo-0089,Movable Typeの承認フローの現場からの報告 — みなと企画室 [JEV-0089],T02,Movable Typeの承認フロー,S08,みなと企画室,18,1,1,1,0,0,568,2024-07-23 12:00:00,Draft,52c9ec289c9aab0047870fbd340047e650a33876a7065d7babd9e43345028191
JEV-0090,jev-demo-0090,Movable Typeの承認フローの取り組みのメモ — しおり運用室 [JEV-0090],T02,Movable Typeの承認フロー,S08,しおり運用室,25,1,1,1,0,0,573,2025-05-23 07:00:00,Draft,80cef26a4903c16ac07459c01df530a05e45f848a349e6b828ce743ace557669
JEV-0091,jev-demo-0091,Movable Typeの承認フローの運用ノート — あさぎ情報室 [JEV-0091],T02,Movable Typeの承認フロー,S09,あさぎ情報室,4,1,1,0,0,0,507,2026-03-23 02:00:00,Draft,341254066480fc7619086df4084bbb5a2d0dbe987a9df91f54dfd347bc9e0feb
JEV-0092,jev-demo-0092,Movable Typeの承認フローの担当者の記録 — つむぎ広報室 [JEV-0092],T02,Movable Typeの承認フロー,S09,つむぎ広報室,7,1,1,0,0,0,515,2024-06-06 13:00:00,Draft,3ea642900626930cc668a01dcefea89a655cd5d0511f81b27be7d8cb9abbcbf6
JEV-0093,jev-demo-0093,Movable Typeの承認フローの作業日誌 — こもれび制作室 [JEV-0093],T02,Movable Typeの承認フロー,S09,こもれび制作室,12,1,1,0,0,0,516,2025-04-06 08:00:00,Draft,2af536b7ddb71ebdc62c007c92a15d8f64fb4628f2ee65b4b2e3d424a24585d1
JEV-0094,jev-demo-0094,Movable Typeの承認フローの現場からの報告 — みなと企画室 [JEV-0094],T02,Movable Typeの承認フロー,S09,みなと企画室,18,1,1,0,0,0,520,2026-02-04 03:00:00,Draft,f923c5e4d5c69dfab9a21f2c8cbef4de14a66ad0764d115d2f141625f9ef8d09
JEV-0095,jev-demo-0095,Movable Typeの承認フローの取り組みのメモ — しおり運用室 [JEV-0095],T02,Movable Typeの承認フロー,S09,しおり運用室,25,1,1,0,0,0,525,2024-04-20 14:00:00,Draft,12b0b394f8cf9feace4149e5ccf06cdc67163ccffbe4f515ea83f8cb2663ee66
JEV-0096,jev-demo-0096,Movable Typeの承認フローの運用ノート — あさぎ情報室 [JEV-0096],T02,Movable Typeの承認フロー,S10,あさぎ情報室,4,1,0,0,0,0,513,2025-02-18 09:00:00,Draft,e30f5f2188b091045a86153ad8cdb935640c4c95a07544b7eb16e72a41c21ede
JEV-0097,jev-demo-0097,Movable Typeの承認フローの担当者の記録 — つむぎ広報室 [JEV-0097],T02,Movable Typeの承認フロー,S10,つむぎ広報室,7,1,0,0,0,0,521,2025-12-19 04:00:00,Draft,19aed19f9f14bb0f72575a0957b3fa11d5c61a3a98a428901377d42f3dc3ec66
JEV-0098,jev-demo-0098,Movable Typeの承認フローの作業日誌 — こもれび制作室 [JEV-0098],T02,Movable Typeの承認フロー,S10,こもれび制作室,12,1,0,0,0,0,522,2024-03-04 15:00:00,Draft,4d1734de5bde181ae20dc2990d2916ac4d52c5e9367cf72214f6e60ac92078fc
JEV-0099,jev-demo-0099,Movable Typeの承認フローの現場からの報告 — みなと企画室 [JEV-0099],T02,Movable Typeの承認フロー,S10,みなと企画室,18,1,0,0,0,0,526,2025-01-02 10:00:00,Draft,b0eddf83d1d8ae664f170ada92e90947337c3026a5fec7ca7aa63cd560ceb639
JEV-0100,jev-demo-0100,Movable Typeの承認フローの取り組みのメモ — しおり運用室 [JEV-0100],T02,Movable Typeの承認フロー,S10,しおり運用室,25,1,0,0,0,0,531,2025-11-02 05:00:00,Draft,c06ed825bac679c84a50ed7b84a66d91a90307e3f1c2c3d3183bbb3f281829f0
JEV-0101,jev-demo-0101,災害時の情報発信サイトの運用ノート — あさぎ情報室 [JEV-0101],T03,災害時の情報発信サイト,S01,あさぎ情報室,4,1,1,1,1,0,584,2024-01-17 16:00:00,Draft,a4859d075fd696758141b692d18e09f74649bd38046c10fac10740b1a058a34d
JEV-0102,jev-demo-0102,災害時の情報発信サイトの担当者の記録 — つむぎ広報室 [JEV-0102],T03,災害時の情報発信サイト,S01,つむぎ広報室,7,1,1,1,1,0,592,2024-11-16 11:00:00,Draft,9426406538d651413b33a879690f3f3801a89c5b522e517773ba8f4049eeed1c
JEV-0103,jev-demo-0103,災害時の情報発信サイトの作業日誌 — こもれび制作室 [JEV-0103],T03,災害時の情報発信サイト,S01,こもれび制作室,12,1,1,1,1,0,593,2025-09-16 06:00:00,Draft,aa34211cdd379d7809151438adb2ef43983660a7a18ec109dfd5f992dd326f0d
JEV-0104,jev-demo-0104,災害時の情報発信サイトの現場からの報告 — みなと企画室 [JEV-0104],T03,災害時の情報発信サイト,S01,みなと企画室,18,1,1,1,1,0,598,2026-07-17 01:00:00,Draft,d75b72e2dc7e1e0b38d7b284e029b90a22f17a6776e4e3abf8f6f46c2f609a87
JEV-0105,jev-demo-0105,災害時の情報発信サイトの取り組みのメモ — しおり運用室 [JEV-0105],T03,災害時の情報発信サイト,S01,しおり運用室,25,1,1,1,1,0,603,2024-09-30 12:00:00,Draft,c985a8fec0a66fccba0f1ad3c4c4b2c48543e9a4c73beefa063019280cf7871a
JEV-0106,jev-demo-0106,災害時の情報発信サイトの運用ノート — あさぎ情報室 [JEV-0106],T03,災害時の情報発信サイト,S02,あさぎ情報室,4,1,1,1,0,0,526,2025-07-31 07:00:00,Draft,2edc93e0a63d586d5c3d6491e1f164aeaea661c92b486c8c1a1484d92421054e
JEV-0107,jev-demo-0107,災害時の情報発信サイトの担当者の記録 — つむぎ広報室 [JEV-0107],T03,災害時の情報発信サイト,S02,つむぎ広報室,7,1,1,1,0,0,534,2026-05-31 02:00:00,Draft,1d6afb9196202d430fb6adb217abeabf6be90d1fe1ff99896188efad145cc260
JEV-0108,jev-demo-0108,災害時の情報発信サイトの作業日誌 — こもれび制作室 [JEV-0108],T03,災害時の情報発信サイト,S02,こもれび制作室,12,1,1,1,0,0,535,2024-08-14 13:00:00,Draft,fd5148ea84650255e56333bc4bbece8895a13aa6d2e44662a25d7865550e0f21
JEV-0109,jev-demo-0109,災害時の情報発信サイトの現場からの報告 — みなと企画室 [JEV-0109],T03,災害時の情報発信サイト,S02,みなと企画室,18,1,1,1,0,0,539,2025-06-14 08:00:00,Draft,99001f88d3045ad6b2a54f1d98aba8b291a69d8a1af33efbaba47462f4d0063e
JEV-0110,jev-demo-0110,災害時の情報発信サイトの取り組みのメモ — しおり運用室 [JEV-0110],T03,災害時の情報発信サイト,S02,しおり運用室,25,1,1,1,0,0,544,2026-04-14 03:00:00,Draft,726360dd04fb6f7332309f3e3dd0fcb328d7de4f8cb42c444b3e8b8bfa96ed73
JEV-0111,jev-demo-0111,災害時の情報発信サイトの運用ノート — あさぎ情報室 [JEV-0111],T03,災害時の情報発信サイト,S03,あさぎ情報室,4,1,0,0,0,0,430,2024-06-28 14:00:00,Draft,73ed108a63d3885f17465e507bf4a4b59b8adfe2332baba823d99ff182f64613
JEV-0112,jev-demo-0112,災害時の情報発信サイトの担当者の記録 — つむぎ広報室 [JEV-0112],T03,災害時の情報発信サイト,S03,つむぎ広報室,7,1,0,0,0,0,438,2025-04-28 09:00:00,Draft,bac5dd5f0bc1d6cddd6805530dd988bba1022408826af63956a749a8d00ae628
JEV-0113,jev-demo-0113,災害時の情報発信サイトの作業日誌 — こもれび制作室 [JEV-0113],T03,災害時の情報発信サイト,S03,こもれび制作室,12,1,0,0,0,0,439,2026-02-26 04:00:00,Draft,6d1fab99fe1d7931b586831e02909e0b59baa2bf1856265b91feeb67cd80360f
JEV-0114,jev-demo-0114,災害時の情報発信サイトの現場からの報告 — みなと企画室 [JEV-0114],T03,災害時の情報発信サイト,S03,みなと企画室,18,1,0,0,0,0,443,2024-05-12 15:00:00,Draft,91b5ca1e42e60b0ad37ad0d649339165d984d887ada9eb2605ac7bab1c06bef5
JEV-0115,jev-demo-0115,災害時の情報発信サイトの取り組みのメモ — しおり運用室 [JEV-0115],T03,災害時の情報発信サイト,S03,しおり運用室,25,1,0,0,0,0,448,2025-03-12 10:00:00,Draft,9c4994009d0a9d8a82b824788625d936169394aa3053aded8d978f0a58f22e54
JEV-0116,jev-demo-0116,災害時の情報発信サイトの運用ノート — あさぎ情報室 [JEV-0116],T03,災害時の情報発信サイト,S04,あさぎ情報室,4,0,0,0,0,0,531,2026-01-10 05:00:00,Draft,2f3943cbfee66f103e4f975d93e5c833f99c01696d858b644c15d1fd5bbf0d0a
JEV-0117,jev-demo-0117,災害時の情報発信サイトの担当者の記録 — つむぎ広報室 [JEV-0117],T03,災害時の情報発信サイト,S04,つむぎ広報室,7,0,0,0,0,0,539,2024-03-26 16:00:00,Draft,0f4016aaad49af2f1580ba8a7f5390d179b1dd0bf68e4e8acd02e0f9bd5d8259
JEV-0118,jev-demo-0118,災害時の情報発信サイトの作業日誌 — こもれび制作室 [JEV-0118],T03,災害時の情報発信サイト,S04,こもれび制作室,12,0,0,0,0,0,540,2025-01-24 11:00:00,Draft,308c00274b8029923b84d5a6bc803005d5c739adb73773bc68bbf41cbb5d7225
JEV-0119,jev-demo-0119,災害時の情報発信サイトの現場からの報告 — みなと企画室 [JEV-0119],T03,災害時の情報発信サイト,S04,みなと企画室,18,0,0,0,0,0,544,2025-11-24 06:00:00,Draft,7614c0b7c3532ea81a426e96dbdd43cfc00f21d067c20258fadf481afd62bb6b
JEV-0120,jev-demo-0120,災害時の情報発信サイトの取り組みのメモ — しおり運用室 [JEV-0120],T03,災害時の情報発信サイト,S04,しおり運用室,25,0,0,0,0,0,549,2024-02-08 17:00:00,Draft,841bb4d222d9ac6245fae543824cb300f9954f9f864145658bf817f1069c95ab
JEV-0121,jev-demo-0121,災害時の情報発信サイトの運用ノート — あさぎ情報室 [JEV-0121],T03,災害時の情報発信サイト,S05,あさぎ情報室,4,0,0,0,1,0,507,2024-12-08 12:00:00,Draft,cd505d79b68d284e9ace15e22cac0f67a7cc15be9c560093ac4fe8099d2844e9
JEV-0122,jev-demo-0122,災害時の情報発信サイトの担当者の記録 — つむぎ広報室 [JEV-0122],T03,災害時の情報発信サイト,S05,つむぎ広報室,7,0,0,0,1,0,517,2025-10-08 07:00:00,Draft,ca808593d606f20ebd019eb05af6116036f81fc63d7b7ac66bc6cc61b64a62f5
JEV-0123,jev-demo-0123,災害時の情報発信サイトの作業日誌 — こもれび制作室 [JEV-0123],T03,災害時の情報発信サイト,S05,こもれび制作室,12,0,0,0,1,0,519,2026-08-08 02:00:00,Draft,9fb62a46665d49511c91a6f8697627145bead54e4ae8a830671cfcf60a0a3445
JEV-0124,jev-demo-0124,災害時の情報発信サイトの現場からの報告 — みなと企画室 [JEV-0124],T03,災害時の情報発信サイト,S05,みなと企画室,18,0,0,0,1,0,523,2024-10-22 13:00:00,Draft,958838de17521753ff0fdf0dc5712c1be8cdaacba8d34eca75796b1517c99bd3
JEV-0125,jev-demo-0125,災害時の情報発信サイトの取り組みのメモ — しおり運用室 [JEV-0125],T03,災害時の情報発信サイト,S05,しおり運用室,25,0,0,0,1,0,530,2025-08-22 08:00:00,Draft,b08e550a20eb13267b2f4f1f9428e6e01e61ebdc89a499e8b0cd90b5d8a8d5ce
JEV-0126,jev-demo-0126,災害時の情報発信サイトの運用ノート — あさぎ情報室 [JEV-0126],T03,災害時の情報発信サイト,S06,あさぎ情報室,4,1,0,0,1,0,488,2026-06-22 03:00:00,Draft,d9c363aa811c2424716748018505449b38d9742d38d7b734c2ab78c4d75b0265
JEV-0127,jev-demo-0127,災害時の情報発信サイトの担当者の記録 — つむぎ広報室 [JEV-0127],T03,災害時の情報発信サイト,S06,つむぎ広報室,7,1,0,0,1,0,496,2024-09-05 14:00:00,Draft,7756c158acfdd6bcb59cd89cd48bcc14740e40ac86c841c01ea722db7b27e798
JEV-0128,jev-demo-0128,災害時の情報発信サイトの作業日誌 — こもれび制作室 [JEV-0128],T03,災害時の情報発信サイト,S06,こもれび制作室,12,1,0,0,1,0,497,2025-07-06 09:00:00,Draft,cde3f5b5cbf6e57f7bb4c5380e7d735426f2cc7dd56cdbd229cd9c9260e18b83
JEV-0129,jev-demo-0129,災害時の情報発信サイトの現場からの報告 — みなと企画室 [JEV-0129],T03,災害時の情報発信サイト,S06,みなと企画室,18,1,0,0,1,0,502,2026-05-06 04:00:00,Draft,e81b073c57b2023c2daffb3c85051873cff7bde1dc0c3e48093668855e10a49a
JEV-0130,jev-demo-0130,災害時の情報発信サイトの取り組みのメモ — しおり運用室 [JEV-0130],T03,災害時の情報発信サイト,S06,しおり運用室,25,1,0,0,1,0,507,2024-07-20 15:00:00,Draft,44177d93679822d89bb325025126eafa749146765c971de8c3bbbf38f0520240
JEV-0131,jev-demo-0131,災害時の情報発信サイトの運用ノート — あさぎ情報室 [JEV-0131],T03,災害時の情報発信サイト,S07,あさぎ情報室,4,1,0,0,1,1,488,2025-05-20 10:00:00,Draft,7b6ec5fdef87365e9e0d45b8e721fd9e3b057d08be476389dfbc4c21c3719a47
JEV-0132,jev-demo-0132,災害時の情報発信サイトの担当者の記録 — つむぎ広報室 [JEV-0132],T03,災害時の情報発信サイト,S07,つむぎ広報室,7,1,0,0,1,1,496,2026-03-20 05:00:00,Draft,0c9da79b017baca2ff3f4ad8a5d6a02b171eb216ea01b88e55d4bae3e53fd7b4
JEV-0133,jev-demo-0133,災害時の情報発信サイトの作業日誌 — こもれび制作室 [JEV-0133],T03,災害時の情報発信サイト,S07,こもれび制作室,12,1,0,0,1,1,497,2024-06-03 16:00:00,Draft,e65817468eab489ca1d52820ed19e536cf5316fc7f641e2026c8c18b0380c091
JEV-0134,jev-demo-0134,災害時の情報発信サイトの現場からの報告 — みなと企画室 [JEV-0134],T03,災害時の情報発信サイト,S07,みなと企画室,18,1,0,0,1,1,502,2025-04-03 11:00:00,Draft,36a8a6a3918d32e962ea1d48e633a18e6e4feaefc50a67f6760fbcd847f651ed
JEV-0135,jev-demo-0135,災害時の情報発信サイトの取り組みのメモ — しおり運用室 [JEV-0135],T03,災害時の情報発信サイト,S07,しおり運用室,25,1,0,0,1,1,507,2026-02-01 06:00:00,Draft,4ff2f299265ffd7f2b47c2d9025aecabe9765e85ab5ed3c4eda99ee9e78be56c
JEV-0136,jev-demo-0136,災害時の情報発信サイトの運用ノート — あさぎ情報室 [JEV-0136],T03,災害時の情報発信サイト,S08,あさぎ情報室,4,1,1,1,0,0,549,2024-04-17 17:00:00,Draft,8b1c1e99f7e13b85f835d0e71f259bc72e3cf23178af0fd9b30a53aba0851853
JEV-0137,jev-demo-0137,災害時の情報発信サイトの担当者の記録 — つむぎ広報室 [JEV-0137],T03,災害時の情報発信サイト,S08,つむぎ広報室,7,1,1,1,0,0,557,2025-02-15 12:00:00,Draft,c20aca8f4f72ecba917623678c8ec5f3a8ed3ff99dc5e28922d1ab79eb132259
JEV-0138,jev-demo-0138,災害時の情報発信サイトの作業日誌 — こもれび制作室 [JEV-0138],T03,災害時の情報発信サイト,S08,こもれび制作室,12,1,1,1,0,0,558,2025-12-16 07:00:00,Draft,8bfc9c727a826093b0da5adea35105cd483d5e448c2a65637bd930009185f334
JEV-0139,jev-demo-0139,災害時の情報発信サイトの現場からの報告 — みなと企画室 [JEV-0139],T03,災害時の情報発信サイト,S08,みなと企画室,18,1,1,1,0,0,562,2024-03-01 18:00:00,Draft,606ddff7212cc503db5b998435709d3886b12671f80aa44200da38350d358390
JEV-0140,jev-demo-0140,災害時の情報発信サイトの取り組みのメモ — しおり運用室 [JEV-0140],T03,災害時の情報発信サイト,S08,しおり運用室,25,1,1,1,0,0,567,2024-12-30 13:00:00,Draft,2d77eeef63ff8aafb2193e6fd157579d8cc4256d6aefc4f41e08de8f8f4492ec
JEV-0141,jev-demo-0141,災害時の情報発信サイトの運用ノート — あさぎ情報室 [JEV-0141],T03,災害時の情報発信サイト,S09,あさぎ情報室,4,1,1,0,0,0,497,2025-10-30 08:00:00,Draft,74223c830230c27ebc46a7ae09e0e22182147961f6427a9e9bab04ce6a14c56b
JEV-0142,jev-demo-0142,災害時の情報発信サイトの担当者の記録 — つむぎ広報室 [JEV-0142],T03,災害時の情報発信サイト,S09,つむぎ広報室,7,1,1,0,0,0,505,2024-01-14 19:00:00,Draft,7c571556b5b29455943aee9f6bb47ea376d9bffc5a6b7d8c34566801aa090d94
JEV-0143,jev-demo-0143,災害時の情報発信サイトの作業日誌 — こもれび制作室 [JEV-0143],T03,災害時の情報発信サイト,S09,こもれび制作室,12,1,1,0,0,0,506,2024-11-13 14:00:00,Draft,9143eec81ff0cfdad86600d3a7903b405fd5cd258955567b7f6abeb0c1085372
JEV-0144,jev-demo-0144,災害時の情報発信サイトの現場からの報告 — みなと企画室 [JEV-0144],T03,災害時の情報発信サイト,S09,みなと企画室,18,1,1,0,0,0,510,2025-09-13 09:00:00,Draft,78f1d8fed5105ea58f413d98b3727f538139e87f2b35766752dac6f3a2bffcb7
JEV-0145,jev-demo-0145,災害時の情報発信サイトの取り組みのメモ — しおり運用室 [JEV-0145],T03,災害時の情報発信サイト,S09,しおり運用室,25,1,1,0,0,0,515,2026-07-14 04:00:00,Draft,a5a318945279bec1df4b552501327523e81069c56dcce1e9cacae3e1074f84e4
JEV-0146,jev-demo-0146,災害時の情報発信サイトの運用ノート — あさぎ情報室 [JEV-0146],T03,災害時の情報発信サイト,S10,あさぎ情報室,4,1,0,0,0,0,498,2024-09-27 15:00:00,Draft,3ac2bfd207be7088f387540c71cdeee0bcb28b445f33a9c06bc3b2124eaa541d
JEV-0147,jev-demo-0147,災害時の情報発信サイトの担当者の記録 — つむぎ広報室 [JEV-0147],T03,災害時の情報発信サイト,S10,つむぎ広報室,7,1,0,0,0,0,506,2025-07-28 10:00:00,Draft,9b2e48d9049a16dc5ca46c88890d1ce0adcb7e1c625e9436f53ff43bfe4c57c1
JEV-0148,jev-demo-0148,災害時の情報発信サイトの作業日誌 — こもれび制作室 [JEV-0148],T03,災害時の情報発信サイト,S10,こもれび制作室,12,1,0,0,0,0,507,2026-05-28 05:00:00,Draft,9d06b2679b7e119b825844df4599b25e58c24e5b9acf3e32a8fa26071f97fc1e
JEV-0149,jev-demo-0149,災害時の情報発信サイトの現場からの報告 — みなと企画室 [JEV-0149],T03,災害時の情報発信サイト,S10,みなと企画室,18,1,0,0,0,0,511,2024-08-11 16:00:00,Draft,b0cb2de492265a79d7abf89968d7551612251449ba505c01e6c588396b97d05a
JEV-0150,jev-demo-0150,災害時の情報発信サイトの取り組みのメモ — しおり運用室 [JEV-0150],T03,災害時の情報発信サイト,S10,しおり運用室,25,1,0,0,0,0,516,2025-06-11 11:00:00,Draft,8f3516ff948aa3655a6362c19133abd9116a91e3027df319f5c1a464707da1ba
JEV-0151,jev-demo-0151,観光案内サイトの多言語化の運用ノート — あさぎ情報室 [JEV-0151],T04,観光案内サイトの多言語化,S01,あさぎ情報室,4,1,1,1,1,0,587,2026-04-11 06:00:00,Draft,f6e6c40f77f015715f1ec412342f44852c678c700915c5a319b27a47594fc6bb
JEV-0152,jev-demo-0152,観光案内サイトの多言語化の担当者の記録 — つむぎ広報室 [JEV-0152],T04,観光案内サイトの多言語化,S01,つむぎ広報室,7,1,1,1,1,0,596,2024-06-25 17:00:00,Draft,a8840f62ee9e3b314e097083b80dc94395fb29a6d2ba324873a3a645b05b1807
JEV-0153,jev-demo-0153,観光案内サイトの多言語化の作業日誌 — こもれび制作室 [JEV-0153],T04,観光案内サイトの多言語化,S01,こもれび制作室,12,1,1,1,1,0,597,2025-04-25 12:00:00,Draft,4c0a5ee260c8ec1d05d2bc650f5f29e7d7820bfc103a93c0b02effabd2292f24
JEV-0154,jev-demo-0154,観光案内サイトの多言語化の現場からの報告 — みなと企画室 [JEV-0154],T04,観光案内サイトの多言語化,S01,みなと企画室,18,1,1,1,1,0,601,2026-02-23 07:00:00,Draft,96d7ccc2d51de7d85812b96af36c8d8f2f4f545461c25609ab8948bba51d98f5
JEV-0155,jev-demo-0155,観光案内サイトの多言語化の取り組みのメモ — しおり運用室 [JEV-0155],T04,観光案内サイトの多言語化,S01,しおり運用室,25,1,1,1,1,0,606,2024-05-09 18:00:00,Draft,37368ea0a02eafbad2b22471971b3df59a3f29d074cf33404c74d88d64b2ffcf
JEV-0156,jev-demo-0156,観光案内サイトの多言語化の運用ノート — あさぎ情報室 [JEV-0156],T04,観光案内サイトの多言語化,S02,あさぎ情報室,4,1,1,1,0,0,529,2025-03-09 13:00:00,Draft,ad1f5bcb5d4ee024d5a0b27d1dcf61e4802eca9512caf0efb09f4d66a532d866
JEV-0157,jev-demo-0157,観光案内サイトの多言語化の担当者の記録 — つむぎ広報室 [JEV-0157],T04,観光案内サイトの多言語化,S02,つむぎ広報室,7,1,1,1,0,0,537,2026-01-07 08:00:00,Draft,8311212c65b1d1ea65bd5e3a31390eec30092badc505a4395cb2958d35e9aa1d
JEV-0158,jev-demo-0158,観光案内サイトの多言語化の作業日誌 — こもれび制作室 [JEV-0158],T04,観光案内サイトの多言語化,S02,こもれび制作室,12,1,1,1,0,0,538,2024-03-23 19:00:00,Draft,e6e200a8be6051219bb2881eddcfeb2520f39f14b778e14e69765a2b5d3cc84a
JEV-0159,jev-demo-0159,観光案内サイトの多言語化の現場からの報告 — みなと企画室 [JEV-0159],T04,観光案内サイトの多言語化,S02,みなと企画室,18,1,1,1,0,0,542,2025-01-21 14:00:00,Draft,e01b17b701eaa8352e1f4238a8f977d354fd323def4a37559942fddaa8c773fd
JEV-0160,jev-demo-0160,観光案内サイトの多言語化の取り組みのメモ — しおり運用室 [JEV-0160],T04,観光案内サイトの多言語化,S02,しおり運用室,25,1,1,1,0,0,547,2025-11-21 09:00:00,Draft,21420e35d7fdac967e79a0b1777293f6138abb6c96f0f39693260d38f655e5fe
JEV-0161,jev-demo-0161,観光案内サイトの多言語化の運用ノート — あさぎ情報室 [JEV-0161],T04,観光案内サイトの多言語化,S03,あさぎ情報室,4,1,0,0,0,0,429,2024-02-05 20:00:00,Draft,7bd8f2caa9fd0556c0a881bfcafcf8e69cb426a76bd270ae3c376deccbbe7d96
JEV-0162,jev-demo-0162,観光案内サイトの多言語化の担当者の記録 — つむぎ広報室 [JEV-0162],T04,観光案内サイトの多言語化,S03,つむぎ広報室,7,1,0,0,0,0,437,2024-12-05 15:00:00,Draft,524d70ca23e5d401ab8bf323bf7591e96bc740a06b23c1379511cc9bd559180e
JEV-0163,jev-demo-0163,観光案内サイトの多言語化の作業日誌 — こもれび制作室 [JEV-0163],T04,観光案内サイトの多言語化,S03,こもれび制作室,12,1,0,0,0,0,438,2025-10-05 10:00:00,Draft,87ca7fa9309c7f81711a5a0b32c0571ccf9fbc757685bf14d3e9cfe42a15515a
JEV-0164,jev-demo-0164,観光案内サイトの多言語化の現場からの報告 — みなと企画室 [JEV-0164],T04,観光案内サイトの多言語化,S03,みなと企画室,18,1,0,0,0,0,442,2026-08-05 05:00:00,Draft,c5b19c5b363d060ed6bb23d1478a311f05de7a5d8d12ef4cdfe48314072ed5a9
JEV-0165,jev-demo-0165,観光案内サイトの多言語化の取り組みのメモ — しおり運用室 [JEV-0165],T04,観光案内サイトの多言語化,S03,しおり運用室,25,1,0,0,0,0,447,2024-10-19 16:00:00,Draft,2be06775ff1135cb353dca427b48c3a02cdf73d73f78077b3f5730be46bd1b3b
JEV-0166,jev-demo-0166,観光案内サイトの多言語化の運用ノート — あさぎ情報室 [JEV-0166],T04,観光案内サイトの多言語化,S04,あさぎ情報室,4,0,0,0,0,0,534,2025-08-19 11:00:00,Draft,5eac73e051bb1233c2358752214d2d732e310c2a46fd2130139933f14a9fea30
JEV-0167,jev-demo-0167,観光案内サイトの多言語化の担当者の記録 — つむぎ広報室 [JEV-0167],T04,観光案内サイトの多言語化,S04,つむぎ広報室,7,0,0,0,0,0,542,2026-06-19 06:00:00,Draft,71f8ab16d2de709e312c74cec4111a929e7b06779def5de2bbaf19f09c3f0064
JEV-0168,jev-demo-0168,観光案内サイトの多言語化の作業日誌 — こもれび制作室 [JEV-0168],T04,観光案内サイトの多言語化,S04,こもれび制作室,12,0,0,0,0,0,543,2024-09-02 17:00:00,Draft,dbd64b1a81a0ca0f38a49e518829c06ffbd2bd26c0b53f310784e1e84b834be9
JEV-0169,jev-demo-0169,観光案内サイトの多言語化の現場からの報告 — みなと企画室 [JEV-0169],T04,観光案内サイトの多言語化,S04,みなと企画室,18,0,0,0,0,0,547,2025-07-03 12:00:00,Draft,b89681129ef0dcb23b9d1ba016faee1a30b45c6c6ab780d23a51d3f88a802ca0
JEV-0170,jev-demo-0170,観光案内サイトの多言語化の取り組みのメモ — しおり運用室 [JEV-0170],T04,観光案内サイトの多言語化,S04,しおり運用室,25,0,0,0,0,0,552,2026-05-03 07:00:00,Draft,bd11148525ff83ae502dd55604a2e0213944147bd494095d09fe4d7f70673484
JEV-0171,jev-demo-0171,観光案内サイトの多言語化の運用ノート — あさぎ情報室 [JEV-0171],T04,観光案内サイトの多言語化,S05,あさぎ情報室,4,0,0,0,1,0,506,2024-07-17 18:00:00,Draft,5b161df8687013b871c2c80ab466c718d36c452bdd632a07c099a173fc93927e
JEV-0172,jev-demo-0172,観光案内サイトの多言語化の担当者の記録 — つむぎ広報室 [JEV-0172],T04,観光案内サイトの多言語化,S05,つむぎ広報室,7,0,0,0,1,0,517,2025-05-17 13:00:00,Draft,0c032e343915bbeb05860efb3b697d779aed69f21c3a181619beca68f332ffd0
JEV-0173,jev-demo-0173,観光案内サイトの多言語化の作業日誌 — こもれび制作室 [JEV-0173],T04,観光案内サイトの多言語化,S05,こもれび制作室,12,0,0,0,1,0,519,2026-03-17 08:00:00,Draft,ab191130828ae8258138be231d1008520858e69f96127a9966ed18f156fda6ad
JEV-0174,jev-demo-0174,観光案内サイトの多言語化の現場からの報告 — みなと企画室 [JEV-0174],T04,観光案内サイトの多言語化,S05,みなと企画室,18,0,0,0,1,0,522,2024-05-31 19:00:00,Draft,7b6f7ce991e169ef388b8afa27b818bfc1e1181863fac9008f170c2c4b6ef2a9
JEV-0175,jev-demo-0175,観光案内サイトの多言語化の取り組みのメモ — しおり運用室 [JEV-0175],T04,観光案内サイトの多言語化,S05,しおり運用室,25,0,0,0,1,0,529,2025-03-31 14:00:00,Draft,a5b93f4dc97a6754cac0a861f965a5d8a1b39493141f1ca60702ee5a8d5cb043
JEV-0176,jev-demo-0176,観光案内サイトの多言語化の運用ノート — あさぎ情報室 [JEV-0176],T04,観光案内サイトの多言語化,S06,あさぎ情報室,4,1,0,0,1,0,487,2026-01-29 09:00:00,Draft,9ffcd94db6b08eeb1c3f8dacaf0618ca87803c8b1200285f1e80d70d92e33f8c
JEV-0177,jev-demo-0177,観光案内サイトの多言語化の担当者の記録 — つむぎ広報室 [JEV-0177],T04,観光案内サイトの多言語化,S06,つむぎ広報室,7,1,0,0,1,0,496,2024-04-14 20:00:00,Draft,8cb34f243756261422befa652c275d90e2e1f16aced78cd023111f90542cb8d6
JEV-0178,jev-demo-0178,観光案内サイトの多言語化の作業日誌 — こもれび制作室 [JEV-0178],T04,観光案内サイトの多言語化,S06,こもれび制作室,12,1,0,0,1,0,497,2025-02-12 15:00:00,Draft,1245a87ed04156ae343eaea233f1cb45c7dfbf5689bad1f76d14cbd32f55178b
JEV-0179,jev-demo-0179,観光案内サイトの多言語化の現場からの報告 — みなと企画室 [JEV-0179],T04,観光案内サイトの多言語化,S06,みなと企画室,18,1,0,0,1,0,501,2025-12-13 10:00:00,Draft,2dfaa1a19fd2555462b6e38e8660789d526799bf9fb0c0de417324bcd7d4d31a
JEV-0180,jev-demo-0180,観光案内サイトの多言語化の取り組みのメモ — しおり運用室 [JEV-0180],T04,観光案内サイトの多言語化,S06,しおり運用室,25,1,0,0,1,0,506,2024-02-27 21:00:00,Draft,87995e60a5da14301dfb790b7d09bf3a172bccc9ee2fc4ffb5d9cef29fb59110
JEV-0181,jev-demo-0181,観光案内サイトの多言語化の運用ノート — あさぎ情報室 [JEV-0181],T04,観光案内サイトの多言語化,S07,あさぎ情報室,4,1,0,0,1,1,487,2024-12-27 16:00:00,Draft,e6d8b4dbc19ea81f774ee9d20a9c8ec6f78a135733ee13cb29e1d52d16a15ca8
JEV-0182,jev-demo-0182,観光案内サイトの多言語化の担当者の記録 — つむぎ広報室 [JEV-0182],T04,観光案内サイトの多言語化,S07,つむぎ広報室,7,1,0,0,1,1,496,2025-10-27 11:00:00,Draft,be8492077797d75fab31c6c30c0e030de515e138e6e6f82eeab8ce357c7f5943
JEV-0183,jev-demo-0183,観光案内サイトの多言語化の作業日誌 — こもれび制作室 [JEV-0183],T04,観光案内サイトの多言語化,S07,こもれび制作室,12,1,0,0,1,1,497,2024-01-11 22:00:00,Draft,1fde52feec14af06ea24bdea0f753fd0543b9402378eafdc83b694e95c6ce03a
JEV-0184,jev-demo-0184,観光案内サイトの多言語化の現場からの報告 — みなと企画室 [JEV-0184],T04,観光案内サイトの多言語化,S07,みなと企画室,18,1,0,0,1,1,501,2024-11-10 17:00:00,Draft,536555872f336139b156fef61991bc4594bad882228f967f9a1f423f07a0f04b
JEV-0185,jev-demo-0185,観光案内サイトの多言語化の取り組みのメモ — しおり運用室 [JEV-0185],T04,観光案内サイトの多言語化,S07,しおり運用室,25,1,0,0,1,1,506,2025-09-10 12:00:00,Draft,3f562b9aefe0ca1fec72501267b49909372beb15d1e9fcd1f7dd5a20a28325e6
JEV-0186,jev-demo-0186,観光案内サイトの多言語化の運用ノート — あさぎ情報室 [JEV-0186],T04,観光案内サイトの多言語化,S08,あさぎ情報室,4,1,1,1,0,0,552,2026-07-11 07:00:00,Draft,ff0ad498fbfbbfd5bdd838f6134b6dae8f37d4612949deb35a1b07410e465f87
JEV-0187,jev-demo-0187,観光案内サイトの多言語化の担当者の記録 — つむぎ広報室 [JEV-0187],T04,観光案内サイトの多言語化,S08,つむぎ広報室,7,1,1,1,0,0,560,2024-09-24 18:00:00,Draft,3e8028391bbe7c00aa2d7fb510db023c0602116e3973d5b9b646d08467b53379
JEV-0188,jev-demo-0188,観光案内サイトの多言語化の作業日誌 — こもれび制作室 [JEV-0188],T04,観光案内サイトの多言語化,S08,こもれび制作室,12,1,1,1,0,0,561,2025-07-25 13:00:00,Draft,8c23b63d1099a5f0d616f16170159ed66712e3071460430d46a68551b534ac82
JEV-0189,jev-demo-0189,観光案内サイトの多言語化の現場からの報告 — みなと企画室 [JEV-0189],T04,観光案内サイトの多言語化,S08,みなと企画室,18,1,1,1,0,0,565,2026-05-25 08:00:00,Draft,5c4e2d7e51ab73cd9f6511904033f5322aa3a5f4da64824600162413aeaa753b
JEV-0190,jev-demo-0190,観光案内サイトの多言語化の取り組みのメモ — しおり運用室 [JEV-0190],T04,観光案内サイトの多言語化,S08,しおり運用室,25,1,1,1,0,0,570,2024-08-08 19:00:00,Draft,5e830fe9d69ae53e131c6fde55397aeaaa2a6ef0b3f271ef022ef43d17a5504a
JEV-0191,jev-demo-0191,観光案内サイトの多言語化の運用ノート — あさぎ情報室 [JEV-0191],T04,観光案内サイトの多言語化,S09,あさぎ情報室,4,1,1,0,0,0,501,2025-06-08 14:00:00,Draft,cacf37615bc6a38fc1cd69c4dbd53370c51e2858465e528f19461260c7d63e6c
JEV-0192,jev-demo-0192,観光案内サイトの多言語化の担当者の記録 — つむぎ広報室 [JEV-0192],T04,観光案内サイトの多言語化,S09,つむぎ広報室,7,1,1,0,0,0,509,2026-04-08 09:00:00,Draft,d43e56ce73d13c3d5b5e57dfb6f4a4ad766696b3954ab91eabc889505a3b9801
JEV-0193,jev-demo-0193,観光案内サイトの多言語化の作業日誌 — こもれび制作室 [JEV-0193],T04,観光案内サイトの多言語化,S09,こもれび制作室,12,1,1,0,0,0,510,2024-06-22 20:00:00,Draft,c4f9c4cf947c3c2646fa86a4a3093a6aa5c02d718e5310cea86f8f3433a6ed10
JEV-0194,jev-demo-0194,観光案内サイトの多言語化の現場からの報告 — みなと企画室 [JEV-0194],T04,観光案内サイトの多言語化,S09,みなと企画室,18,1,1,0,0,0,514,2025-04-22 15:00:00,Draft,cf537d597804440b033db249d018f52e19209d59443c92e62784d6bbdec99404
JEV-0195,jev-demo-0195,観光案内サイトの多言語化の取り組みのメモ — しおり運用室 [JEV-0195],T04,観光案内サイトの多言語化,S09,しおり運用室,25,1,1,0,0,0,519,2026-02-20 10:00:00,Draft,0a75b6fdea7a9421c2dc364ebd7eed998e9926b80cfef7789d10dac562d16b9f
JEV-0196,jev-demo-0196,観光案内サイトの多言語化の運用ノート — あさぎ情報室 [JEV-0196],T04,観光案内サイトの多言語化,S10,あさぎ情報室,4,1,0,0,0,0,500,2024-05-06 21:00:00,Draft,545de9166f5e3b587248130be23752956112ff148346c6c48d599143d9908fe1
JEV-0197,jev-demo-0197,観光案内サイトの多言語化の担当者の記録 — つむぎ広報室 [JEV-0197],T04,観光案内サイトの多言語化,S10,つむぎ広報室,7,1,0,0,0,0,508,2025-03-06 16:00:00,Draft,4fae4b7cdb1da351eb3c54c3aae8d7a7dd4257f8aed0e7510b49c93ce6f8dcfa
JEV-0198,jev-demo-0198,観光案内サイトの多言語化の作業日誌 — こもれび制作室 [JEV-0198],T04,観光案内サイトの多言語化,S10,こもれび制作室,12,1,0,0,0,0,509,2026-01-04 11:00:00,Draft,a569af58903582876f583c496722ab75f00b6abf1e656368bcdffa99af46bb94
JEV-0199,jev-demo-0199,観光案内サイトの多言語化の現場からの報告 — みなと企画室 [JEV-0199],T04,観光案内サイトの多言語化,S10,みなと企画室,18,1,0,0,0,0,513,2024-03-20 22:00:00,Draft,38ff712f7b843c9b9b16f811a7304dc01db6c8023e4ef68b34c84f3c06b0c2e8
JEV-0200,jev-demo-0200,観光案内サイトの多言語化の取り組みのメモ — しおり運用室 [JEV-0200],T04,観光案内サイトの多言語化,S10,しおり運用室,25,1,0,0,0,0,518,2025-01-18 17:00:00,Draft,8e58da26d6532c9ee9daf0f105e4814671995fb7830d3d6fbf6ce8061f60f33b
JEV-0201,jev-demo-0201,図書館イベントの予約受付の運用ノート — あさぎ情報室 [JEV-0201],T05,図書館イベントの予約受付,S01,あさぎ情報室,4,1,1,1,1,0,578,2025-11-18 12:00:00,Draft,43d546c4da53b7b35e1af150159d50c3fe87139614a4b2644c81b273e5e3fc10
JEV-0202,jev-demo-0202,図書館イベントの予約受付の担当者の記録 — つむぎ広報室 [JEV-0202],T05,図書館イベントの予約受付,S01,つむぎ広報室,7,1,1,1,1,0,586,2024-02-02 23:00:00,Draft,3fb8607050db9e5717f3096022cb208df33630023beb8dd86dab66840e52fd82
JEV-0203,jev-demo-0203,図書館イベントの予約受付の作業日誌 — こもれび制作室 [JEV-0203],T05,図書館イベントの予約受付,S01,こもれび制作室,12,1,1,1,1,0,587,2024-12-02 18:00:00,Draft,17f7bc7644d86869d847f5e1f9ffcfa547dcec1a63aa4d661cbe6b4526c0a0f2
JEV-0204,jev-demo-0204,図書館イベントの予約受付の現場からの報告 — みなと企画室 [JEV-0204],T05,図書館イベントの予約受付,S01,みなと企画室,18,1,1,1,1,0,591,2025-10-02 13:00:00,Draft,98b33002981b2102e1f7063e00e0a196ebe4288fa11b6b46e82d2047ec3807bf
JEV-0205,jev-demo-0205,図書館イベントの予約受付の取り組みのメモ — しおり運用室 [JEV-0205],T05,図書館イベントの予約受付,S01,しおり運用室,25,1,1,1,1,0,596,2026-08-02 08:00:00,Draft,763d8e50842dd156479887623fbe0b53c0473b7d2d33eeb995e3389907d6731b
JEV-0206,jev-demo-0206,図書館イベントの予約受付の運用ノート — あさぎ情報室 [JEV-0206],T05,図書館イベントの予約受付,S02,あさぎ情報室,4,1,1,1,0,0,519,2024-10-16 19:00:00,Draft,f1c0b68c61b129e719d76f5bd088b0c730a367dbe85b4fbc7dcd95c9a22b004b
JEV-0207,jev-demo-0207,図書館イベントの予約受付の担当者の記録 — つむぎ広報室 [JEV-0207],T05,図書館イベントの予約受付,S02,つむぎ広報室,7,1,1,1,0,0,527,2025-08-16 14:00:00,Draft,9d62109486cbc88573936ebad48c0b012d018072dec6698cc5fc0cf7c570ad70
JEV-0208,jev-demo-0208,図書館イベントの予約受付の作業日誌 — こもれび制作室 [JEV-0208],T05,図書館イベントの予約受付,S02,こもれび制作室,12,1,1,1,0,0,528,2026-06-16 09:00:00,Draft,7d3e403e8b320204ef540e8aeb7db0fe7fed720ac3851b961e84f7e96f25ee15
JEV-0209,jev-demo-0209,図書館イベントの予約受付の現場からの報告 — みなと企画室 [JEV-0209],T05,図書館イベントの予約受付,S02,みなと企画室,18,1,1,1,0,0,532,2024-08-30 20:00:00,Draft,8cf32a071305199c53d438c150305ab4273a211f1820f2834483b3572192e2d8
JEV-0210,jev-demo-0210,図書館イベントの予約受付の取り組みのメモ — しおり運用室 [JEV-0210],T05,図書館イベントの予約受付,S02,しおり運用室,25,1,1,1,0,0,537,2025-06-30 15:00:00,Draft,adeba28bf23cbc3dc15ca656aa06e4c4e6e87ad8ac7d7097028a4eb08f1e1afb
JEV-0211,jev-demo-0211,図書館イベントの予約受付の運用ノート — あさぎ情報室 [JEV-0211],T05,図書館イベントの予約受付,S03,あさぎ情報室,4,1,0,0,0,0,432,2026-04-30 10:00:00,Draft,ba517990f161ad76aad098a2643c7dc97fb65ffe72b9e8af9180452a4e665a34
JEV-0212,jev-demo-0212,図書館イベントの予約受付の担当者の記録 — つむぎ広報室 [JEV-0212],T05,図書館イベントの予約受付,S03,つむぎ広報室,7,1,0,0,0,0,440,2024-07-14 21:00:00,Draft,f301882265b84e796da9357049a8224deda1e065b7b0292c1f2117287ee04291
JEV-0213,jev-demo-0213,図書館イベントの予約受付の作業日誌 — こもれび制作室 [JEV-0213],T05,図書館イベントの予約受付,S03,こもれび制作室,12,1,0,0,0,0,441,2025-05-14 16:00:00,Draft,0aadd911bd982fa1b91986d27a34144a939ff63d391e73e8882723344dcc96f0
JEV-0214,jev-demo-0214,図書館イベントの予約受付の現場からの報告 — みなと企画室 [JEV-0214],T05,図書館イベントの予約受付,S03,みなと企画室,18,1,0,0,0,0,445,2026-03-14 11:00:00,Draft,5aff7176fe3d2ef4628f354f4bf7c73c1a074283f6c95e7aa5891ae261252e1b
JEV-0215,jev-demo-0215,図書館イベントの予約受付の取り組みのメモ — しおり運用室 [JEV-0215],T05,図書館イベントの予約受付,S03,しおり運用室,25,1,0,0,0,0,450,2024-05-28 22:00:00,Draft,0d67eca9e55e41902357dd364c813a8808e4c5f59b788fd45a762a22eddfe67d
JEV-0216,jev-demo-0216,図書館イベントの予約受付の運用ノート — あさぎ情報室 [JEV-0216],T05,図書館イベントの予約受付,S04,あさぎ情報室,4,0,0,0,0,0,524,2025-03-28 17:00:00,Draft,04d6c5269c85959ead4288a3afd20262ffb0a0be99979540a4269395e424f32f
JEV-0217,jev-demo-0217,図書館イベントの予約受付の担当者の記録 — つむぎ広報室 [JEV-0217],T05,図書館イベントの予約受付,S04,つむぎ広報室,7,0,0,0,0,0,532,2026-01-26 12:00:00,Draft,316293f4fd38ff23df0607b618238ddaefadb636b20545bab9a52d3f6a3c984b
JEV-0218,jev-demo-0218,図書館イベントの予約受付の作業日誌 — こもれび制作室 [JEV-0218],T05,図書館イベントの予約受付,S04,こもれび制作室,12,0,0,0,0,0,533,2024-04-11 23:00:00,Draft,2c2251382c017b31738b0ef794266383cbab02f5ae14cb8ae7d85466a2cfa27e
JEV-0219,jev-demo-0219,図書館イベントの予約受付の現場からの報告 — みなと企画室 [JEV-0219],T05,図書館イベントの予約受付,S04,みなと企画室,18,0,0,0,0,0,537,2025-02-09 18:00:00,Draft,748d9146ac33fe6fd2072f5e36e9ab9ba70f253896900c603047be469d075392
JEV-0220,jev-demo-0220,図書館イベントの予約受付の取り組みのメモ — しおり運用室 [JEV-0220],T05,図書館イベントの予約受付,S04,しおり運用室,25,0,0,0,0,0,542,2025-12-10 13:00:00,Draft,b7391d6e6aded695f3b1cc561755818ddb22d3020bf845af84ec2acd8e84896b
JEV-0221,jev-demo-0221,図書館イベントの予約受付の運用ノート — あさぎ情報室 [JEV-0221],T05,図書館イベントの予約受付,S05,あさぎ情報室,4,0,0,0,1,0,510,2024-02-25 00:00:00,Draft,7fafc1e6843e762a59940eb854add33889964bb830235f34aabc5192bf31197e
JEV-0222,jev-demo-0222,図書館イベントの予約受付の担当者の記録 — つむぎ広報室 [JEV-0222],T05,図書館イベントの予約受付,S05,つむぎ広報室,7,0,0,0,1,0,520,2024-12-24 19:00:00,Draft,b0162c43ce9efc67671e68dde5d74b4015aebc659065fade4274705433b839f6
JEV-0223,jev-demo-0223,図書館イベントの予約受付の作業日誌 — こもれび制作室 [JEV-0223],T05,図書館イベントの予約受付,S05,こもれび制作室,12,0,0,0,1,0,522,2025-10-24 14:00:00,Draft,362731fa62796256ddff2512508d6a474150564a58a25e7e142cca0c253436f4
JEV-0224,jev-demo-0224,図書館イベントの予約受付の現場からの報告 — みなと企画室 [JEV-0224],T05,図書館イベントの予約受付,S05,みなと企画室,18,0,0,0,1,0,525,2024-01-09 01:00:00,Draft,f821daf775949419ae0b7074464967c3d1fa4aebc8aa522b12c6c9e0754ea238
JEV-0225,jev-demo-0225,図書館イベントの予約受付の取り組みのメモ — しおり運用室 [JEV-0225],T05,図書館イベントの予約受付,S05,しおり運用室,25,0,0,0,1,0,532,2024-11-07 20:00:00,Draft,00e28ac14412a360d0170e2e0826da921de36d1e4eb555fcfaf71e178d21fbdf
JEV-0226,jev-demo-0226,図書館イベントの予約受付の運用ノート — あさぎ情報室 [JEV-0226],T05,図書館イベントの予約受付,S06,あさぎ情報室,4,1,0,0,1,0,491,2025-09-07 15:00:00,Draft,a575374e48432259061bb222368d4201c31d80efc260b27e781e451215fd01aa
JEV-0227,jev-demo-0227,図書館イベントの予約受付の担当者の記録 — つむぎ広報室 [JEV-0227],T05,図書館イベントの予約受付,S06,つむぎ広報室,7,1,0,0,1,0,499,2026-07-08 10:00:00,Draft,ba278a4c4cefb0d0cc886ed4ed1512af440a22d88a72ceb49d4be315cc13702a
JEV-0228,jev-demo-0228,図書館イベントの予約受付の作業日誌 — こもれび制作室 [JEV-0228],T05,図書館イベントの予約受付,S06,こもれび制作室,12,1,0,0,1,0,500,2024-09-21 21:00:00,Draft,739f67fbb4d7a8b54f1bd4a519cf9e8b1d8befffc5eeb74c6a2fa9f75d34629f
JEV-0229,jev-demo-0229,図書館イベントの予約受付の現場からの報告 — みなと企画室 [JEV-0229],T05,図書館イベントの予約受付,S06,みなと企画室,18,1,0,0,1,0,504,2025-07-22 16:00:00,Draft,26c7083be1ede47a7abe6c51b17e57d9a6dbb5b3f9fda404eacd6ca1bb81cca5
JEV-0230,jev-demo-0230,図書館イベントの予約受付の取り組みのメモ — しおり運用室 [JEV-0230],T05,図書館イベントの予約受付,S06,しおり運用室,25,1,0,0,1,0,509,2026-05-22 11:00:00,Draft,57f2612ef4fd60fde049152d4034ae6bd4a61d5715ba25d6ea8a090d635257ca
JEV-0231,jev-demo-0231,図書館イベントの予約受付の運用ノート — あさぎ情報室 [JEV-0231],T05,図書館イベントの予約受付,S07,あさぎ情報室,4,1,0,0,1,1,491,2024-08-05 22:00:00,Draft,b60f47a562aa0340e5a052a7a2c2561d25e1f2341d7251bf8b4ad45ee53e613b
JEV-0232,jev-demo-0232,図書館イベントの予約受付の担当者の記録 — つむぎ広報室 [JEV-0232],T05,図書館イベントの予約受付,S07,つむぎ広報室,7,1,0,0,1,1,499,2025-06-05 17:00:00,Draft,33309b583af8ca02e64c2c43cfdcf0d4f460d1d5c6f2390d0a4220d58d0bbc79
JEV-0233,jev-demo-0233,図書館イベントの予約受付の作業日誌 — こもれび制作室 [JEV-0233],T05,図書館イベントの予約受付,S07,こもれび制作室,12,1,0,0,1,1,500,2026-04-05 12:00:00,Draft,05d9a26628f765143e2b03927c7963aa8cc0ba683bee0d48f6390056fd615732
JEV-0234,jev-demo-0234,図書館イベントの予約受付の現場からの報告 — みなと企画室 [JEV-0234],T05,図書館イベントの予約受付,S07,みなと企画室,18,1,0,0,1,1,504,2024-06-19 23:00:00,Draft,e60afb85472ef898ec384855537bdd4119a084738446bc86dbe3b2436c019ed2
JEV-0235,jev-demo-0235,図書館イベントの予約受付の取り組みのメモ — しおり運用室 [JEV-0235],T05,図書館イベントの予約受付,S07,しおり運用室,25,1,0,0,1,1,509,2025-04-19 18:00:00,Draft,f53b3749064928bfe54c3fe36c63bdc98cfffdee5bcc30fa8767a72e4aaee8f5
JEV-0236,jev-demo-0236,図書館イベントの予約受付の運用ノート — あさぎ情報室 [JEV-0236],T05,図書館イベントの予約受付,S08,あさぎ情報室,4,1,1,1,0,0,542,2026-02-17 13:00:00,Draft,9c2c1c657b0d16db11e4797fa6021c704cb4dd5b156bf235a1540c5f3ec06231
JEV-0237,jev-demo-0237,図書館イベントの予約受付の担当者の記録 — つむぎ広報室 [JEV-0237],T05,図書館イベントの予約受付,S08,つむぎ広報室,7,1,1,1,0,0,550,2024-05-04 00:00:00,Draft,d17c1e587a28184aa4f89677d40098116f5b1689118a338e0517b5fcfed3378e
JEV-0238,jev-demo-0238,図書館イベントの予約受付の作業日誌 — こもれび制作室 [JEV-0238],T05,図書館イベントの予約受付,S08,こもれび制作室,12,1,1,1,0,0,551,2025-03-03 19:00:00,Draft,8e2db0b9a99efc0daaea9cddbdf7cbbcd5b573c2f990d1ad080b44a0ec675d28
JEV-0239,jev-demo-0239,図書館イベントの予約受付の現場からの報告 — みなと企画室 [JEV-0239],T05,図書館イベントの予約受付,S08,みなと企画室,18,1,1,1,0,0,555,2026-01-01 14:00:00,Draft,c03781d05aebe623338842a0bf0143ba8e7cb40ca1bbb2e5ad000f53f5d0e472
JEV-0240,jev-demo-0240,図書館イベントの予約受付の取り組みのメモ — しおり運用室 [JEV-0240],T05,図書館イベントの予約受付,S08,しおり運用室,25,1,1,1,0,0,560,2024-03-18 01:00:00,Draft,f6e8a0280a8ccbd3cff17642b87cea52fe9f5c9de95bb7b9fa52870e262ed730
JEV-0241,jev-demo-0241,図書館イベントの予約受付の運用ノート — あさぎ情報室 [JEV-0241],T05,図書館イベントの予約受付,S09,あさぎ情報室,4,1,1,0,0,0,496,2025-01-15 20:00:00,Draft,0847fe33d23eac4aa2531b27de9e5a34a156cff20c6c09990660b81f5e88b1b9
JEV-0242,jev-demo-0242,図書館イベントの予約受付の担当者の記録 — つむぎ広報室 [JEV-0242],T05,図書館イベントの予約受付,S09,つむぎ広報室,7,1,1,0,0,0,504,2025-11-15 15:00:00,Draft,e91a1d9ffb356fcedfd7ec00fa079d76b19128f51e8549e40e8032c00ffc49d6
JEV-0243,jev-demo-0243,図書館イベントの予約受付の作業日誌 — こもれび制作室 [JEV-0243],T05,図書館イベントの予約受付,S09,こもれび制作室,12,1,1,0,0,0,505,2024-01-31 02:00:00,Draft,b213d15b594fcc1e7a7070256fafc3433a026a1d0eadeea7a06da2e5cdec2a90
JEV-0244,jev-demo-0244,図書館イベントの予約受付の現場からの報告 — みなと企画室 [JEV-0244],T05,図書館イベントの予約受付,S09,みなと企画室,18,1,1,0,0,0,509,2024-11-29 21:00:00,Draft,b6150436f442349780a4c775fbf2aec6b67b56f65d9fadf8bcfec95a783152af
JEV-0245,jev-demo-0245,図書館イベントの予約受付の取り組みのメモ — しおり運用室 [JEV-0245],T05,図書館イベントの予約受付,S09,しおり運用室,25,1,1,0,0,0,514,2025-09-29 16:00:00,Draft,f8d5bed624e2797995ccd208a37cbeeee8c28718c0527c05253116c6717a1f24
JEV-0246,jev-demo-0246,図書館イベントの予約受付の運用ノート — あさぎ情報室 [JEV-0246],T05,図書館イベントの予約受付,S10,あさぎ情報室,4,1,0,0,0,0,496,2026-07-30 11:00:00,Draft,0786b853b30246dde4ccffe8d05647f169500ecad78a7855b7106e7bd9d1b9a1
JEV-0247,jev-demo-0247,図書館イベントの予約受付の担当者の記録 — つむぎ広報室 [JEV-0247],T05,図書館イベントの予約受付,S10,つむぎ広報室,7,1,0,0,0,0,504,2024-10-13 22:00:00,Draft,750940e5c7f1d3d1c4cc223bceeccca1f10d7933fbbcdcb9c3fa0dfa526a7831
JEV-0248,jev-demo-0248,図書館イベントの予約受付の作業日誌 — こもれび制作室 [JEV-0248],T05,図書館イベントの予約受付,S10,こもれび制作室,12,1,0,0,0,0,505,2025-08-13 17:00:00,Draft,0f6f05b657e387f9f271f4681bd0a2157bd9e210990e3b23ba58784e3026547b
JEV-0249,jev-demo-0249,図書館イベントの予約受付の現場からの報告 — みなと企画室 [JEV-0249],T05,図書館イベントの予約受付,S10,みなと企画室,18,1,0,0,0,0,509,2026-06-13 12:00:00,Draft,cba210a9e509c98b57efc5c461c37ece4193255f8a7b44ac3837b69e1d3897da
JEV-0250,jev-demo-0250,図書館イベントの予約受付の取り組みのメモ — しおり運用室 [JEV-0250],T05,図書館イベントの予約受付,S10,しおり運用室,25,1,0,0,0,0,514,2024-08-27 23:00:00,Draft,9a08f3cb8aaa4bb7ca088188020aeee5d2822058db3da5d1957a19cbe6bd04ed
JEV-0251,jev-demo-0251,学校サイトのアクセシビリティの運用ノート — あさぎ情報室 [JEV-0251],T06,学校サイトのアクセシビリティ,S01,あさぎ情報室,4,1,1,1,1,0,591,2025-06-27 18:00:00,Draft,18a09e6da186a9db99fa3af6f2faaa8d648ef021f8910c79ab25ffb93f2db151
JEV-0252,jev-demo-0252,学校サイトのアクセシビリティの担当者の記録 — つむぎ広報室 [JEV-0252],T06,学校サイトのアクセシビリティ,S01,つむぎ広報室,7,1,1,1,1,0,599,2026-04-27 13:00:00,Draft,9bc6c92b7a3eb5eb679b779d1307c632f677672a49c36b4efc5923be8d292c28
JEV-0253,jev-demo-0253,学校サイトのアクセシビリティの作業日誌 — こもれび制作室 [JEV-0253],T06,学校サイトのアクセシビリティ,S01,こもれび制作室,12,1,1,1,1,0,600,2024-07-12 00:00:00,Draft,961a515e91d1b6852a14a6889ae725f204d407a9f3a656f2eb557ded06e64779
JEV-0254,jev-demo-0254,学校サイトのアクセシビリティの現場からの報告 — みなと企画室 [JEV-0254],T06,学校サイトのアクセシビリティ,S01,みなと企画室,18,1,1,1,1,0,604,2025-05-11 19:00:00,Draft,c1f37042c0eba52e2f9aa190896c3699c30242f488e67ebdcf178746b372e4c7
JEV-0255,jev-demo-0255,学校サイトのアクセシビリティの取り組みのメモ — しおり運用室 [JEV-0255],T06,学校サイトのアクセシビリティ,S01,しおり運用室,25,1,1,1,1,0,609,2026-03-11 14:00:00,Draft,3ae859c059466426627c94ecc1555d5d165dc60986788d08d33dde2844b92e4b
JEV-0256,jev-demo-0256,学校サイトのアクセシビリティの運用ノート — あさぎ情報室 [JEV-0256],T06,学校サイトのアクセシビリティ,S02,あさぎ情報室,4,1,1,1,0,0,532,2024-05-26 01:00:00,Draft,8578ce2f1c8aecefbfc5362c97ac89a47fc9efbf513451ed204a73548e2c27ce
JEV-0257,jev-demo-0257,学校サイトのアクセシビリティの担当者の記録 — つむぎ広報室 [JEV-0257],T06,学校サイトのアクセシビリティ,S02,つむぎ広報室,7,1,1,1,0,0,540,2025-03-25 20:00:00,Draft,6cd547507f3aff3549cfc37bd729995b9fefd842f71c3a752a57cdae0c77a536
JEV-0258,jev-demo-0258,学校サイトのアクセシビリティの作業日誌 — こもれび制作室 [JEV-0258],T06,学校サイトのアクセシビリティ,S02,こもれび制作室,12,1,1,1,0,0,541,2026-01-23 15:00:00,Draft,6396a8cd80bad2bd422d9292deebed8d38e2c0f70af6fe6df43b639e3121b930
JEV-0259,jev-demo-0259,学校サイトのアクセシビリティの現場からの報告 — みなと企画室 [JEV-0259],T06,学校サイトのアクセシビリティ,S02,みなと企画室,18,1,1,1,0,0,545,2024-04-09 02:00:00,Draft,9f78cc949309acedc40353bcb36b93ccca69944d1611a7588f456c5cbe576035
JEV-0260,jev-demo-0260,学校サイトのアクセシビリティの取り組みのメモ — しおり運用室 [JEV-0260],T06,学校サイトのアクセシビリティ,S02,しおり運用室,25,1,1,1,0,0,550,2025-02-06 21:00:00,Draft,da1922e2ff3078fd36c0d6b5f701b6e8ab652f08118dfd6d90d540d872e5aef6
JEV-0261,jev-demo-0261,学校サイトのアクセシビリティの運用ノート — あさぎ情報室 [JEV-0261],T06,学校サイトのアクセシビリティ,S03,あさぎ情報室,4,1,0,0,0,0,440,2025-12-07 16:00:00,Draft,d4c9cd897522eaa594d220c1352c212e0c80f4f48b71e553269d29bbbf75c3bc
JEV-0262,jev-demo-0262,学校サイトのアクセシビリティの担当者の記録 — つむぎ広報室 [JEV-0262],T06,学校サイトのアクセシビリティ,S03,つむぎ広報室,7,1,0,0,0,0,448,2024-02-22 03:00:00,Draft,cca97b63e99ec2885c6c7e751cae3b77ad7a7cd42802428c8c6476024cbb013b
JEV-0263,jev-demo-0263,学校サイトのアクセシビリティの作業日誌 — こもれび制作室 [JEV-0263],T06,学校サイトのアクセシビリティ,S03,こもれび制作室,12,1,0,0,0,0,449,2024-12-21 22:00:00,Draft,995fad70bbc3f1b1d5c5fd33b91c7a50bd53b851012725b94c67352e63d64172
JEV-0264,jev-demo-0264,学校サイトのアクセシビリティの現場からの報告 — みなと企画室 [JEV-0264],T06,学校サイトのアクセシビリティ,S03,みなと企画室,18,1,0,0,0,0,453,2025-10-21 17:00:00,Draft,bb1e24a78b76e95bb25831d065f22f04febfee19f3b7c618811085c613b7d057
JEV-0265,jev-demo-0265,学校サイトのアクセシビリティの取り組みのメモ — しおり運用室 [JEV-0265],T06,学校サイトのアクセシビリティ,S03,しおり運用室,25,1,0,0,0,0,458,2024-01-06 04:00:00,Draft,4d731a93bf80ff13d77afd8c54bf3f45d7095ce6ffc8e10d12bb48f9c007a6b5
JEV-0266,jev-demo-0266,学校サイトのアクセシビリティの運用ノート — あさぎ情報室 [JEV-0266],T06,学校サイトのアクセシビリティ,S04,あさぎ情報室,4,0,0,0,0,0,537,2024-11-04 23:00:00,Draft,d37cfecd1d455e79b86feac2bc68d31d40a75591c69424cc981ae93ea4202f44
JEV-0267,jev-demo-0267,学校サイトのアクセシビリティの担当者の記録 — つむぎ広報室 [JEV-0267],T06,学校サイトのアクセシビリティ,S04,つむぎ広報室,7,0,0,0,0,0,545,2025-09-04 18:00:00,Draft,04e17654182113f55b66a69c8ac993c1a390e8852235f03558af242d21638dd7
JEV-0268,jev-demo-0268,学校サイトのアクセシビリティの作業日誌 — こもれび制作室 [JEV-0268],T06,学校サイトのアクセシビリティ,S04,こもれび制作室,12,0,0,0,0,0,546,2026-07-05 13:00:00,Draft,d93a6e6f016d22f6f5ec46f99fae3d20a90d9b6f480472540dd7a72d039084b5
JEV-0269,jev-demo-0269,学校サイトのアクセシビリティの現場からの報告 — みなと企画室 [JEV-0269],T06,学校サイトのアクセシビリティ,S04,みなと企画室,18,0,0,0,0,0,550,2024-09-19 00:00:00,Draft,57020c50b825edf7bd31629f10d090a6af17c51a6807d4c3049aa1a7ebbfe5c8
JEV-0270,jev-demo-0270,学校サイトのアクセシビリティの取り組みのメモ — しおり運用室 [JEV-0270],T06,学校サイトのアクセシビリティ,S04,しおり運用室,25,0,0,0,0,0,555,2025-07-19 19:00:00,Draft,7d6647820dfc44d5ac5606b85e0cd949e4a06e207cb5d70c51e953a20e07b96d
JEV-0271,jev-demo-0271,学校サイトのアクセシビリティの運用ノート — あさぎ情報室 [JEV-0271],T06,学校サイトのアクセシビリティ,S05,あさぎ情報室,4,0,0,0,1,0,518,2026-05-19 14:00:00,Draft,4b932b47ea92e7b38dd7f0fd18dfec09c0e4e7477f21bcb399899bc846cc05b0
JEV-0272,jev-demo-0272,学校サイトのアクセシビリティの担当者の記録 — つむぎ広報室 [JEV-0272],T06,学校サイトのアクセシビリティ,S05,つむぎ広報室,7,0,0,0,1,0,528,2024-08-03 01:00:00,Draft,598ef34a55cc43ec752c290ca79857720b99c6e580637271860e77fb35af3178
JEV-0273,jev-demo-0273,学校サイトのアクセシビリティの作業日誌 — こもれび制作室 [JEV-0273],T06,学校サイトのアクセシビリティ,S05,こもれび制作室,12,0,0,0,1,0,530,2025-06-02 20:00:00,Draft,30fc64312cb491245507070511fb7cf06298091f30f2021815a8ef5bd7ceec39
JEV-0274,jev-demo-0274,学校サイトのアクセシビリティの現場からの報告 — みなと企画室 [JEV-0274],T06,学校サイトのアクセシビリティ,S05,みなと企画室,18,0,0,0,1,0,533,2026-04-02 15:00:00,Draft,8dd88857e7d6fc026187b43b5026c5815febf887a4c8b291cc850f3061886d24
JEV-0275,jev-demo-0275,学校サイトのアクセシビリティの取り組みのメモ — しおり運用室 [JEV-0275],T06,学校サイトのアクセシビリティ,S05,しおり運用室,25,0,0,0,1,0,540,2024-06-17 02:00:00,Draft,e15e13bb577472a8ea47701344503d2051cb528ead62d989fa808eb5bcbf7471
JEV-0276,jev-demo-0276,学校サイトのアクセシビリティの運用ノート — あさぎ情報室 [JEV-0276],T06,学校サイトのアクセシビリティ,S06,あさぎ情報室,4,1,0,0,1,0,499,2025-04-16 21:00:00,Draft,91f4549db7a11c826100261668973f05ac0422ee183a7a714d37aac60af33714
JEV-0277,jev-demo-0277,学校サイトのアクセシビリティの担当者の記録 — つむぎ広報室 [JEV-0277],T06,学校サイトのアクセシビリティ,S06,つむぎ広報室,7,1,0,0,1,0,507,2026-02-14 16:00:00,Draft,908d2e284af5784fe2a6ee45709d67e92fbd8b61c277275ea75ac17eb3da6131
JEV-0278,jev-demo-0278,学校サイトのアクセシビリティの作業日誌 — こもれび制作室 [JEV-0278],T06,学校サイトのアクセシビリティ,S06,こもれび制作室,12,1,0,0,1,0,508,2024-05-01 03:00:00,Draft,955e2158dab4345261f6d23e6d6c61e22e55d500d7c4260115375201e3ba9b69
JEV-0279,jev-demo-0279,学校サイトのアクセシビリティの現場からの報告 — みなと企画室 [JEV-0279],T06,学校サイトのアクセシビリティ,S06,みなと企画室,18,1,0,0,1,0,512,2025-02-28 22:00:00,Draft,a23fdb05641ab643449246a49083b1cd26592b4ea7997b0c62a0a482ab7e90a4
JEV-0280,jev-demo-0280,学校サイトのアクセシビリティの取り組みのメモ — しおり運用室 [JEV-0280],T06,学校サイトのアクセシビリティ,S06,しおり運用室,25,1,0,0,1,0,517,2025-12-29 17:00:00,Draft,2a6c4002980ab04e4f040324a0726b732d7becfe803454162c8dc40c6d6f8bf8
JEV-0281,jev-demo-0281,学校サイトのアクセシビリティの運用ノート — あさぎ情報室 [JEV-0281],T06,学校サイトのアクセシビリティ,S07,あさぎ情報室,4,1,0,0,1,1,499,2024-03-15 04:00:00,Draft,817efa34e152b6b266f529fb1064af8ec1ef2eca33cfa62ab7ce180c21933426
JEV-0282,jev-demo-0282,学校サイトのアクセシビリティの担当者の記録 — つむぎ広報室 [JEV-0282],T06,学校サイトのアクセシビリティ,S07,つむぎ広報室,7,1,0,0,1,1,507,2025-01-12 23:00:00,Draft,b637b641164c95352424c0d0fba55f3b753111f65a54b1609c0a4606ee820858
JEV-0283,jev-demo-0283,学校サイトのアクセシビリティの作業日誌 — こもれび制作室 [JEV-0283],T06,学校サイトのアクセシビリティ,S07,こもれび制作室,12,1,0,0,1,1,508,2025-11-12 18:00:00,Draft,9d8274d49cff091fecfcd709ad4bc4fd39e6925ed99891351fff5896acff3cc8
JEV-0284,jev-demo-0284,学校サイトのアクセシビリティの現場からの報告 — みなと企画室 [JEV-0284],T06,学校サイトのアクセシビリティ,S07,みなと企画室,18,1,0,0,1,1,512,2024-01-28 05:00:00,Draft,54ef762842819a7ccaa224fad46c4d56cf18529b5cb5c4e3bbba53ecadc459bd
JEV-0285,jev-demo-0285,学校サイトのアクセシビリティの取り組みのメモ — しおり運用室 [JEV-0285],T06,学校サイトのアクセシビリティ,S07,しおり運用室,25,1,0,0,1,1,517,2024-11-27 00:00:00,Draft,282f899f0ab1462b69b356cdb33022b61d07c5f0dea6d4a2067c900732e5a058
JEV-0286,jev-demo-0286,学校サイトのアクセシビリティの運用ノート — あさぎ情報室 [JEV-0286],T06,学校サイトのアクセシビリティ,S08,あさぎ情報室,4,1,1,1,0,0,555,2025-09-26 19:00:00,Draft,8f042362f9dfa4830eeee964e6a00d5eed540cd48b7f24b2eba795f1eea1d2b1
JEV-0287,jev-demo-0287,学校サイトのアクセシビリティの担当者の記録 — つむぎ広報室 [JEV-0287],T06,学校サイトのアクセシビリティ,S08,つむぎ広報室,7,1,1,1,0,0,563,2026-07-27 14:00:00,Draft,a6f86c52f42618baef6ad2d892c5f7256e71f268a0bda61416da40c7014c2bc0
JEV-0288,jev-demo-0288,学校サイトのアクセシビリティの作業日誌 — こもれび制作室 [JEV-0288],T06,学校サイトのアクセシビリティ,S08,こもれび制作室,12,1,1,1,0,0,564,2024-10-11 01:00:00,Draft,9c54c9b6131eb2f47280ac35d6af9724edcc5d4d993a486f8ffd55f4737d3dd5
JEV-0289,jev-demo-0289,学校サイトのアクセシビリティの現場からの報告 — みなと企画室 [JEV-0289],T06,学校サイトのアクセシビリティ,S08,みなと企画室,18,1,1,1,0,0,568,2025-08-10 20:00:00,Draft,017f160c3bfa93ef1930bc77254515727da40761f02f02629ae24ee80f5ae0f2
JEV-0290,jev-demo-0290,学校サイトのアクセシビリティの取り組みのメモ — しおり運用室 [JEV-0290],T06,学校サイトのアクセシビリティ,S08,しおり運用室,25,1,1,1,0,0,573,2026-06-10 15:00:00,Draft,1090f00ad11fb81859e9faa306bb406a519cbc2fad05d403ec4b589487967f0e
JEV-0291,jev-demo-0291,学校サイトのアクセシビリティの運用ノート — あさぎ情報室 [JEV-0291],T06,学校サイトのアクセシビリティ,S09,あさぎ情報室,4,1,1,0,0,0,506,2024-08-25 02:00:00,Draft,016d372447d4263774c1b77b051e60a9810d55f9ce6eeadb8918c133924f3d47
JEV-0292,jev-demo-0292,学校サイトのアクセシビリティの担当者の記録 — つむぎ広報室 [JEV-0292],T06,学校サイトのアクセシビリティ,S09,つむぎ広報室,7,1,1,0,0,0,514,2025-06-24 21:00:00,Draft,d5de7d0e9c75b84715f47380b4c9148cba8cd3b011544fad24a5d14327bc5960
JEV-0293,jev-demo-0293,学校サイトのアクセシビリティの作業日誌 — こもれび制作室 [JEV-0293],T06,学校サイトのアクセシビリティ,S09,こもれび制作室,12,1,1,0,0,0,515,2026-04-24 16:00:00,Draft,59b01e3f22fb9e85ce1443a932bd213743e48ce8ac6cbd080a6baf20501ae1df
JEV-0294,jev-demo-0294,学校サイトのアクセシビリティの現場からの報告 — みなと企画室 [JEV-0294],T06,学校サイトのアクセシビリティ,S09,みなと企画室,18,1,1,0,0,0,519,2024-07-09 03:00:00,Draft,9b61e744596021382551efa9bee5433ba1d41955918286198c5add4876d23828
JEV-0295,jev-demo-0295,学校サイトのアクセシビリティの取り組みのメモ — しおり運用室 [JEV-0295],T06,学校サイトのアクセシビリティ,S09,しおり運用室,25,1,1,0,0,0,524,2025-05-08 22:00:00,Draft,9b969afdde0e8e66fb794f2bcb845d03ec3d41f8c8e6656ac426c6ca16268e09
JEV-0296,jev-demo-0296,学校サイトのアクセシビリティの運用ノート — あさぎ情報室 [JEV-0296],T06,学校サイトのアクセシビリティ,S10,あさぎ情報室,4,1,0,0,0,0,513,2026-03-08 17:00:00,Draft,24f1d75357cffdc07504d3584096a8549fbe6674f0ff49cc80d436572030fe96
JEV-0297,jev-demo-0297,学校サイトのアクセシビリティの担当者の記録 — つむぎ広報室 [JEV-0297],T06,学校サイトのアクセシビリティ,S10,つむぎ広報室,7,1,0,0,0,0,521,2024-05-23 04:00:00,Draft,71f57d3cdaa979a5aa42014986888985b50a6027b3e3e70914646670715e7619
JEV-0298,jev-demo-0298,学校サイトのアクセシビリティの作業日誌 — こもれび制作室 [JEV-0298],T06,学校サイトのアクセシビリティ,S10,こもれび制作室,12,1,0,0,0,0,522,2025-03-22 23:00:00,Draft,ba5d193bdd4a0ad8696d0211ec8a2bde1c98f4e06d955061b2867ed3f52532cf
JEV-0299,jev-demo-0299,学校サイトのアクセシビリティの現場からの報告 — みなと企画室 [JEV-0299],T06,学校サイトのアクセシビリティ,S10,みなと企画室,18,1,0,0,0,0,526,2026-01-20 18:00:00,Draft,b6ff747a8c070195fe39a431f4ea352565cadf6ea901da954992bc1a2c3f9a17
JEV-0300,jev-demo-0300,学校サイトのアクセシビリティの取り組みのメモ — しおり運用室 [JEV-0300],T06,学校サイトのアクセシビリティ,S10,しおり運用室,25,1,0,0,0,0,531,2024-04-06 05:00:00,Draft,b0eb073a38351b0fe64a548b608bfcb0e5bf884ad3a5bf01ba93df99fe4ba925
JEV-0301,jev-demo-0301,会員サイトのログインの運用ノート — あさぎ情報室 [JEV-0301],T07,会員サイトのログイン,S01,あさぎ情報室,4,1,1,1,1,0,586,2025-02-04 00:00:00,Draft,da5eea1b53c37e840b45530da0c64e1a9398da754ee99d5a491833d23c6dfa20
JEV-0302,jev-demo-0302,会員サイトのログインの担当者の記録 — つむぎ広報室 [JEV-0302],T07,会員サイトのログイン,S01,つむぎ広報室,7,1,1,1,1,0,594,2025-12-04 19:00:00,Draft,dc54772c6f3b771c3d53e0d28bd9d030306c7bbe379eb031bbcc8f18e65b0e19
JEV-0303,jev-demo-0303,会員サイトのログインの作業日誌 — こもれび制作室 [JEV-0303],T07,会員サイトのログイン,S01,こもれび制作室,12,1,1,1,1,0,595,2024-02-19 06:00:00,Draft,41e606881d8d61c2dbab782173499c3f77687517c28f9cee17cc0ab8280109cf
JEV-0304,jev-demo-0304,会員サイトのログインの現場からの報告 — みなと企画室 [JEV-0304],T07,会員サイトのログイン,S01,みなと企画室,18,1,1,1,1,0,599,2024-12-19 01:00:00,Draft,2715d2278bfcd83d784dcadd2e6895f5a65b9956f7dbcc28703a93c817c06414
JEV-0305,jev-demo-0305,会員サイトのログインの取り組みのメモ — しおり運用室 [JEV-0305],T07,会員サイトのログイン,S01,しおり運用室,25,1,1,1,1,0,604,2025-10-18 20:00:00,Draft,7b419579eb83f4c24b2c2c983756627b0034cc9f1a92bca8853cd860c39ec426
JEV-0306,jev-demo-0306,会員サイトのログインの運用ノート — あさぎ情報室 [JEV-0306],T07,会員サイトのログイン,S02,あさぎ情報室,4,1,1,1,0,0,527,2024-01-03 07:00:00,Draft,a4b3dace4b44ac465d02e21fd98dc08a2dc802363a4d4319909fd0ceb8dcaafa
JEV-0307,jev-demo-0307,会員サイトのログインの担当者の記録 — つむぎ広報室 [JEV-0307],T07,会員サイトのログイン,S02,つむぎ広報室,7,1,1,1,0,0,535,2024-11-02 02:00:00,Draft,dda80a733cf0cab7387a317072fee42207dccb75a343fc0a927da27ddf01d3b7
JEV-0308,jev-demo-0308,会員サイトのログインの作業日誌 — こもれび制作室 [JEV-0308],T07,会員サイトのログイン,S02,こもれび制作室,12,1,1,1,0,0,536,2025-09-01 21:00:00,Draft,93b7f1dd1a774e55e2a6ea536cc999585740517054b0426f5137114e9630b67d
JEV-0309,jev-demo-0309,会員サイトのログインの現場からの報告 — みなと企画室 [JEV-0309],T07,会員サイトのログイン,S02,みなと企画室,18,1,1,1,0,0,540,2026-07-02 16:00:00,Draft,c35cfd895ef031c58d931af616beed1172a8bb41d6197f2b3d2d22a71e49bae6
JEV-0310,jev-demo-0310,会員サイトのログインの取り組みのメモ — しおり運用室 [JEV-0310],T07,会員サイトのログイン,S02,しおり運用室,25,1,1,1,0,0,545,2024-09-16 03:00:00,Draft,f40e903a846ddbbb264c07bdc49a8575515ba2536c47b6208bffeebfdf78f7ed
JEV-0311,jev-demo-0311,会員サイトのログインの運用ノート — あさぎ情報室 [JEV-0311],T07,会員サイトのログイン,S03,あさぎ情報室,4,1,0,0,0,0,429,2025-07-16 22:00:00,Draft,a35039d503cb765c2fc2b102c665450c7546e50a1325a81364080661b3064528
JEV-0312,jev-demo-0312,会員サイトのログインの担当者の記録 — つむぎ広報室 [JEV-0312],T07,会員サイトのログイン,S03,つむぎ広報室,7,1,0,0,0,0,437,2026-05-16 17:00:00,Draft,7d87258a9a60628f24a2c4c6e06385d5ba2b2f80b0b11fe3f863e60e7eafa985
JEV-0313,jev-demo-0313,会員サイトのログインの作業日誌 — こもれび制作室 [JEV-0313],T07,会員サイトのログイン,S03,こもれび制作室,12,1,0,0,0,0,438,2024-07-31 04:00:00,Draft,745fe8c93bde5e9c2e1dfc1fcbfd7258307dc72195061cd7d37bff6de5e6be6e
JEV-0314,jev-demo-0314,会員サイトのログインの現場からの報告 — みなと企画室 [JEV-0314],T07,会員サイトのログイン,S03,みなと企画室,18,1,0,0,0,0,442,2025-05-30 23:00:00,Draft,7aec1be91259205a4a04e1ef3dfedbc88b00fc0942056e713393c0555b40dee1
JEV-0315,jev-demo-0315,会員サイトのログインの取り組みのメモ — しおり運用室 [JEV-0315],T07,会員サイトのログイン,S03,しおり運用室,25,1,0,0,0,0,447,2026-03-30 18:00:00,Draft,2fedb5a5b9b6d43355cfbaf8d274fdfa0a1acbad0a492cc2b252c86458cd70ca
JEV-0316,jev-demo-0316,会員サイトのログインの運用ノート — あさぎ情報室 [JEV-0316],T07,会員サイトのログイン,S04,あさぎ情報室,4,0,0,0,0,0,532,2024-06-14 05:00:00,Draft,16f996f687c1d150fead9aca3bec226f09c699c3f6b35ee2a88c54d24c066f43
JEV-0317,jev-demo-0317,会員サイトのログインの担当者の記録 — つむぎ広報室 [JEV-0317],T07,会員サイトのログイン,S04,つむぎ広報室,7,0,0,0,0,0,540,2025-04-14 00:00:00,Draft,704f7180ebef86e66d2d253c486a413e9a61df2af5fac2adec66c1727f19836a
JEV-0318,jev-demo-0318,会員サイトのログインの作業日誌 — こもれび制作室 [JEV-0318],T07,会員サイトのログイン,S04,こもれび制作室,12,0,0,0,0,0,541,2026-02-11 19:00:00,Draft,5fbc92e27f68c71d78adc636942e4cb288f01e7f31ae8201468c9ad8db8472a2
JEV-0319,jev-demo-0319,会員サイトのログインの現場からの報告 — みなと企画室 [JEV-0319],T07,会員サイトのログイン,S04,みなと企画室,18,0,0,0,0,0,545,2024-04-28 06:00:00,Draft,ac72f129cb1099cf1bd254b51adb9fe27118060bf4d6e25ddbafbd047414f77d
JEV-0320,jev-demo-0320,会員サイトのログインの取り組みのメモ — しおり運用室 [JEV-0320],T07,会員サイトのログイン,S04,しおり運用室,25,0,0,0,0,0,550,2025-02-26 01:00:00,Draft,7fe7859f230d4bc119397735effe518b1d2a85986460657b9cffacb75a6b1936
JEV-0321,jev-demo-0321,会員サイトのログインの運用ノート — あさぎ情報室 [JEV-0321],T07,会員サイトのログイン,S05,あさぎ情報室,4,0,0,0,1,0,507,2025-12-26 20:00:00,Draft,e2d1b3a5388fe81adf97a99948d20d16aaac6a5f0fbdf6dd6cc694546390230a
JEV-0322,jev-demo-0322,会員サイトのログインの担当者の記録 — つむぎ広報室 [JEV-0322],T07,会員サイトのログイン,S05,つむぎ広報室,7,0,0,0,1,0,517,2024-03-12 07:00:00,Draft,4bba1b23d1112a4e58f91f39d207afda1a67dbea0235a96832caef280d313674
JEV-0323,jev-demo-0323,会員サイトのログインの作業日誌 — こもれび制作室 [JEV-0323],T07,会員サイトのログイン,S05,こもれび制作室,12,0,0,0,1,0,519,2025-01-10 02:00:00,Draft,a24f4c8bfd38d181dace922e2e5584a5b933e9d5c6b9fce59dab4998be519d10
JEV-0324,jev-demo-0324,会員サイトのログインの現場からの報告 — みなと企画室 [JEV-0324],T07,会員サイトのログイン,S05,みなと企画室,18,0,0,0,1,0,522,2025-11-09 21:00:00,Draft,2b419a4da6f6834d65ebd998e4bf50ac7b01544ea64a81d6672ae76b30ee772a
JEV-0325,jev-demo-0325,会員サイトのログインの取り組みのメモ — しおり運用室 [JEV-0325],T07,会員サイトのログイン,S05,しおり運用室,25,0,0,0,1,0,529,2024-01-25 08:00:00,Draft,9027d91c4e64f30ab1b42a8307e3d7fa772a1af8519f01b0788314f22232d6e6
JEV-0326,jev-demo-0326,会員サイトのログインの運用ノート — あさぎ情報室 [JEV-0326],T07,会員サイトのログイン,S06,あさぎ情報室,4,1,0,0,1,0,488,2024-11-24 03:00:00,Draft,bfcf5dc1bb4b928adc6b0556cf7aea4c853ec51adff8089c2b97c60b65db88c8
JEV-0327,jev-demo-0327,会員サイトのログインの担当者の記録 — つむぎ広報室 [JEV-0327],T07,会員サイトのログイン,S06,つむぎ広報室,7,1,0,0,1,0,496,2025-09-23 22:00:00,Draft,9f0534dc0df29d061678520655f81358a455d0ab1702bfdc4356425938484f6d
JEV-0328,jev-demo-0328,会員サイトのログインの作業日誌 — こもれび制作室 [JEV-0328],T07,会員サイトのログイン,S06,こもれび制作室,12,1,0,0,1,0,497,2026-07-24 17:00:00,Draft,9007e7dea5a26f792ec287e404e36e5d84eb476638bb9c85b01f98cad0f6bfe7
JEV-0329,jev-demo-0329,会員サイトのログインの現場からの報告 — みなと企画室 [JEV-0329],T07,会員サイトのログイン,S06,みなと企画室,18,1,0,0,1,0,501,2024-10-08 04:00:00,Draft,365f4054223a2fd1a3566d7b6f50b2583b60ab02c7d166bb725ed3787a6e9cbe
JEV-0330,jev-demo-0330,会員サイトのログインの取り組みのメモ — しおり運用室 [JEV-0330],T07,会員サイトのログイン,S06,しおり運用室,25,1,0,0,1,0,506,2025-08-07 23:00:00,Draft,f2890cf59889e3f7674a6589a0231fdbf164abac6a6c331604f5d9596ef705aa
JEV-0331,jev-demo-0331,会員サイトのログインの運用ノート — あさぎ情報室 [JEV-0331],T07,会員サイトのログイン,S07,あさぎ情報室,4,1,0,0,1,1,488,2026-06-07 18:00:00,Draft,4742b81efbe8c44566b1e522473159f095fcd4925752b92515eebd3f075635bf
JEV-0332,jev-demo-0332,会員サイトのログインの担当者の記録 — つむぎ広報室 [JEV-0332],T07,会員サイトのログイン,S07,つむぎ広報室,7,1,0,0,1,1,496,2024-08-22 05:00:00,Draft,23076454e18641afaf9736f9c571804ce8a380782579fcd779ac27b7922919f5
JEV-0333,jev-demo-0333,会員サイトのログインの作業日誌 — こもれび制作室 [JEV-0333],T07,会員サイトのログイン,S07,こもれび制作室,12,1,0,0,1,1,497,2025-06-22 00:00:00,Draft,baa157e8fd11a1c3b65d1c06187af42d1028917601189543f3f58a17a93fd99c
JEV-0334,jev-demo-0334,会員サイトのログインの現場からの報告 — みなと企画室 [JEV-0334],T07,会員サイトのログイン,S07,みなと企画室,18,1,0,0,1,1,501,2026-04-21 19:00:00,Draft,8f52701bb5de31e754e645a585adced7270e4e3eb5ede7edf5ad758821f07c6c
JEV-0335,jev-demo-0335,会員サイトのログインの取り組みのメモ — しおり運用室 [JEV-0335],T07,会員サイトのログイン,S07,しおり運用室,25,1,0,0,1,1,506,2024-07-06 06:00:00,Draft,966f12c905c995af6817bbcd8c61910e55063f1f77b0ee1588703d3c41529a55
JEV-0336,jev-demo-0336,会員サイトのログインの運用ノート — あさぎ情報室 [JEV-0336],T07,会員サイトのログイン,S08,あさぎ情報室,4,1,1,1,0,0,550,2025-05-06 01:00:00,Draft,ee4ffda7d93c56b41ee4511891dfa7ecb23335df4af955b97fa275d5a8776a97
JEV-0337,jev-demo-0337,会員サイトのログインの担当者の記録 — つむぎ広報室 [JEV-0337],T07,会員サイトのログイン,S08,つむぎ広報室,7,1,1,1,0,0,558,2026-03-05 20:00:00,Draft,696de953e28e4c03da67272b7fd57a4fd395482fd68548e6da83b0c0fe84c4c3
JEV-0338,jev-demo-0338,会員サイトのログインの作業日誌 — こもれび制作室 [JEV-0338],T07,会員サイトのログイン,S08,こもれび制作室,12,1,1,1,0,0,559,2024-05-20 07:00:00,Draft,ad60681c5e39ea3dac1932637d1f77d0efefeddf264bda85170f50f72f89d62c
JEV-0339,jev-demo-0339,会員サイトのログインの現場からの報告 — みなと企画室 [JEV-0339],T07,会員サイトのログイン,S08,みなと企画室,18,1,1,1,0,0,563,2025-03-20 02:00:00,Draft,6ef8a1c32f4eca22858abf25ee28f7fdaa357b46e85858ea3a02cc70ef2a40f5
JEV-0340,jev-demo-0340,会員サイトのログインの取り組みのメモ — しおり運用室 [JEV-0340],T07,会員サイトのログイン,S08,しおり運用室,25,1,1,1,0,0,568,2026-01-17 21:00:00,Draft,52edd8ce461b0be192b6855c87127f3e3cc2c6d6909ef1cdfe9b33004f77ac41
JEV-0341,jev-demo-0341,会員サイトのログインの運用ノート — あさぎ情報室 [JEV-0341],T07,会員サイトのログイン,S09,あさぎ情報室,4,1,1,0,0,0,504,2024-04-03 08:00:00,Draft,005976e7309a4fd4e703884d56888e94af53a4e911265b181646bd5007c1464c
JEV-0342,jev-demo-0342,会員サイトのログインの担当者の記録 — つむぎ広報室 [JEV-0342],T07,会員サイトのログイン,S09,つむぎ広報室,7,1,1,0,0,0,512,2025-02-01 03:00:00,Draft,1f4c9b45bb89016e30cd6948084e3b897676e807cd5188d1e487767b46f201e3
JEV-0343,jev-demo-0343,会員サイトのログインの作業日誌 — こもれび制作室 [JEV-0343],T07,会員サイトのログイン,S09,こもれび制作室,12,1,1,0,0,0,513,2025-12-01 22:00:00,Draft,e0bee50c3de3cd30843923239efd3bf8e2f34c861b20a530ccab4339ec2112a8
JEV-0344,jev-demo-0344,会員サイトのログインの現場からの報告 — みなと企画室 [JEV-0344],T07,会員サイトのログイン,S09,みなと企画室,18,1,1,0,0,0,517,2024-02-16 09:00:00,Draft,381402b99f86d305eb37dfa75395419163f9a996758f86f9e189f40448f77b26
JEV-0345,jev-demo-0345,会員サイトのログインの取り組みのメモ — しおり運用室 [JEV-0345],T07,会員サイトのログイン,S09,しおり運用室,25,1,1,0,0,0,522,2024-12-16 04:00:00,Draft,f3b1db8fc198751d7f6e80d79cf66548287f11ce2753a33d88260cca708552b9
JEV-0346,jev-demo-0346,会員サイトのログインの運用ノート — あさぎ情報室 [JEV-0346],T07,会員サイトのログイン,S10,あさぎ情報室,4,1,0,0,0,0,499,2025-10-15 23:00:00,Draft,df99b2b1760678c5186bf84cb72b298e6225e908bfac13bceb88b85e07e5d591
JEV-0347,jev-demo-0347,会員サイトのログインの担当者の記録 — つむぎ広報室 [JEV-0347],T07,会員サイトのログイン,S10,つむぎ広報室,7,1,0,0,0,0,507,2026-08-15 18:00:00,Draft,833ca38bf464e63644d8062572ced2e4b268e7fd9546304d48dcfd442dee005d
JEV-0348,jev-demo-0348,会員サイトのログインの作業日誌 — こもれび制作室 [JEV-0348],T07,会員サイトのログイン,S10,こもれび制作室,12,1,0,0,0,0,508,2024-10-30 05:00:00,Draft,b5f5ed8594fc66a1a52f3a012c1be3b144ccceb9c882497364fbf9c41549559c
JEV-0349,jev-demo-0349,会員サイトのログインの現場からの報告 — みなと企画室 [JEV-0349],T07,会員サイトのログイン,S10,みなと企画室,18,1,0,0,0,0,512,2025-08-30 00:00:00,Draft,2ac5f333f43e4318fb15c806e08a974278929dc45680d932423b209c33ecb9e6
JEV-0350,jev-demo-0350,会員サイトのログインの取り組みのメモ — しおり運用室 [JEV-0350],T07,会員サイトのログイン,S10,しおり運用室,25,1,0,0,0,0,517,2026-06-29 19:00:00,Draft,110f61a6f6c075d75a62daa5e45847390a600e831a5f5574a3d9cd24daf7a234
JEV-0351,jev-demo-0351,社内文書の検索の運用ノート — あさぎ情報室 [JEV-0351],T08,社内文書の検索,S01,あさぎ情報室,4,1,1,1,1,0,583,2024-09-13 06:00:00,Draft,8cf9475091605eeec9b4bc782a46a43f8a407e95a41ea58ced24a1530524d86a
JEV-0352,jev-demo-0352,社内文書の検索の担当者の記録 — つむぎ広報室 [JEV-0352],T08,社内文書の検索,S01,つむぎ広報室,7,1,1,1,1,0,591,2025-07-14 01:00:00,Draft,2033e359b3a44fa49203688da2d2f2a1a008469c1148e1f7fefd891b1a7a60bd
JEV-0353,jev-demo-0353,社内文書の検索の作業日誌 — こもれび制作室 [JEV-0353],T08,社内文書の検索,S01,こもれび制作室,12,1,1,1,1,0,592,2026-05-13 20:00:00,Draft,60c60b48c513d2134f19388e5cc1dbf9c45b70cb819bda46ce2ca44c2420bb8e
JEV-0354,jev-demo-0354,社内文書の検索の現場からの報告 — みなと企画室 [JEV-0354],T08,社内文書の検索,S01,みなと企画室,18,1,1,1,1,0,596,2024-07-28 07:00:00,Draft,3367ee33a9eef0ba734ae12e0ed280f18d5bec49e3785b59f7ffef15c8dc19c9
JEV-0355,jev-demo-0355,社内文書の検索の取り組みのメモ — しおり運用室 [JEV-0355],T08,社内文書の検索,S01,しおり運用室,25,1,1,1,1,0,601,2025-05-28 02:00:00,Draft,5274922232769cca32eb49098fcb1fbbcc86ce8694f8f54d77944b43391069d4
JEV-0356,jev-demo-0356,社内文書の検索の運用ノート — あさぎ情報室 [JEV-0356],T08,社内文書の検索,S02,あさぎ情報室,4,1,1,1,0,0,524,2026-03-27 21:00:00,Draft,9d24c26908a4587655ea2d735c72f0430d331116b5de37fd1d6d3969ae8beabb
JEV-0357,jev-demo-0357,社内文書の検索の担当者の記録 — つむぎ広報室 [JEV-0357],T08,社内文書の検索,S02,つむぎ広報室,7,1,1,1,0,0,532,2024-06-11 08:00:00,Draft,33117000a4c9b14208529708ecfa92be74f87efcbd7c3dde834f2387e5673be7
JEV-0358,jev-demo-0358,社内文書の検索の作業日誌 — こもれび制作室 [JEV-0358],T08,社内文書の検索,S02,こもれび制作室,12,1,1,1,0,0,533,2025-04-11 03:00:00,Draft,ac18ee099aada1bfb31d625c49f126383de0c895d495b3450d01251e6a9a7da6
JEV-0359,jev-demo-0359,社内文書の検索の現場からの報告 — みなと企画室 [JEV-0359],T08,社内文書の検索,S02,みなと企画室,18,1,1,1,0,0,537,2026-02-08 22:00:00,Draft,41e25e6a079d1e563670c962c7d7bc874738e7a3d7a5dec2171e20102f01938b
JEV-0360,jev-demo-0360,社内文書の検索の取り組みのメモ — しおり運用室 [JEV-0360],T08,社内文書の検索,S02,しおり運用室,25,1,1,1,0,0,542,2024-04-25 09:00:00,Draft,5861ea28132bcabc7d346e8a85a2c85882c52c62faa4117b357324843b58649a
JEV-0361,jev-demo-0361,社内文書の検索の運用ノート — あさぎ情報室 [JEV-0361],T08,社内文書の検索,S03,あさぎ情報室,4,1,0,0,0,0,423,2025-02-23 04:00:00,Draft,518bb12ea6e6bea9eb7eab68d7d40b84230b68998c4a4104d7f4684e48b47173
JEV-0362,jev-demo-0362,社内文書の検索の担当者の記録 — つむぎ広報室 [JEV-0362],T08,社内文書の検索,S03,つむぎ広報室,7,1,0,0,0,0,431,2025-12-23 23:00:00,Draft,6b8bd8c54aca3a89e582479bf0fa3583f47534d869d9d6d0cd5fb3d2b5bada85
JEV-0363,jev-demo-0363,社内文書の検索の作業日誌 — こもれび制作室 [JEV-0363],T08,社内文書の検索,S03,こもれび制作室,12,1,0,0,0,0,432,2024-03-09 10:00:00,Draft,a5d2e22c3e8341b9fd0849e0b43e901e58b5f2e836362c88fd335f4996b80ab3
JEV-0364,jev-demo-0364,社内文書の検索の現場からの報告 — みなと企画室 [JEV-0364],T08,社内文書の検索,S03,みなと企画室,18,1,0,0,0,0,436,2025-01-07 05:00:00,Draft,9385a752e870c40ba577d8dc9894aab582567c4fd9b4db0cee5323f483ea304e
JEV-0365,jev-demo-0365,社内文書の検索の取り組みのメモ — しおり運用室 [JEV-0365],T08,社内文書の検索,S03,しおり運用室,25,1,0,0,0,0,441,2025-11-07 00:00:00,Draft,f5d97500d17f5439f884f7d61c9018f0a07f8e86c6b70543cfdeaf5373c99de5
JEV-0366,jev-demo-0366,社内文書の検索の運用ノート — あさぎ情報室 [JEV-0366],T08,社内文書の検索,S04,あさぎ情報室,4,0,0,0,0,0,529,2024-01-22 11:00:00,Draft,cef21e617b037ccb22cedd66426b194b3fc0940e098000a5825cee0637ae7364
JEV-0367,jev-demo-0367,社内文書の検索の担当者の記録 — つむぎ広報室 [JEV-0367],T08,社内文書の検索,S04,つむぎ広報室,7,0,0,0,0,0,537,2024-11-21 06:00:00,Draft,5c652b2089a9b74e88d764e21f2f3a60785dd8d17627a1baec585792339f08cc
JEV-0368,jev-demo-0368,社内文書の検索の作業日誌 — こもれび制作室 [JEV-0368],T08,社内文書の検索,S04,こもれび制作室,12,0,0,0,0,0,538,2025-09-21 01:00:00,Draft,e19b88f2b49c4af825de3102029d39a7229b5e32ddcd14b81c02e0fbb5e08bf1
JEV-0369,jev-demo-0369,社内文書の検索の現場からの報告 — みなと企画室 [JEV-0369],T08,社内文書の検索,S04,みなと企画室,18,0,0,0,0,0,542,2026-07-21 20:00:00,Draft,4767fe065e30d1073faf7ea8500c25db4ebb63b7cb16ae2b9b962db8d100e4e7
JEV-0370,jev-demo-0370,社内文書の検索の取り組みのメモ — しおり運用室 [JEV-0370],T08,社内文書の検索,S04,しおり運用室,25,0,0,0,0,0,547,2024-10-05 07:00:00,Draft,97d87bb2ebc7c078bd6dbcabfc65e9fa517da343ddc185aca4fa1d8aa0fd8172
JEV-0371,jev-demo-0371,社内文書の検索の運用ノート — あさぎ情報室 [JEV-0371],T08,社内文書の検索,S05,あさぎ情報室,4,0,0,0,1,0,501,2025-08-05 02:00:00,Draft,5d61050590dac873098ad84110d8aa2a698cb192e2c2dfa18e2adae29957d7cf
JEV-0372,jev-demo-0372,社内文書の検索の担当者の記録 — つむぎ広報室 [JEV-0372],T08,社内文書の検索,S05,つむぎ広報室,7,0,0,0,1,0,511,2026-06-04 21:00:00,Draft,40c8c3517d3dadd4a85664156673a0e6991804422cc0419a9aec1f6db010ad86
JEV-0373,jev-demo-0373,社内文書の検索の作業日誌 — こもれび制作室 [JEV-0373],T08,社内文書の検索,S05,こもれび制作室,12,0,0,0,1,0,513,2024-08-19 08:00:00,Draft,2f7ed33cad73841ef296dc40bab22dec0d892abb10f1dc05264b265fc565ed99
JEV-0374,jev-demo-0374,社内文書の検索の現場からの報告 — みなと企画室 [JEV-0374],T08,社内文書の検索,S05,みなと企画室,18,0,0,0,1,0,516,2025-06-19 03:00:00,Draft,f52cb92f39634e1a09b46b5b9e6dbb492b2df03c7ecce6e5b0c6b2519840c60e
JEV-0375,jev-demo-0375,社内文書の検索の取り組みのメモ — しおり運用室 [JEV-0375],T08,社内文書の検索,S05,しおり運用室,25,0,0,0,1,0,523,2026-04-18 22:00:00,Draft,3e000a394de6d8d84ac6f5291c0570227ad361e4d3386549e716623054ea9e85
JEV-0376,jev-demo-0376,社内文書の検索の運用ノート — あさぎ情報室 [JEV-0376],T08,社内文書の検索,S06,あさぎ情報室,4,1,0,0,1,0,482,2024-07-03 09:00:00,Draft,45b28965f16d2cca18df4617866c487e112fdcb5956eb233f0eee78dd47a45ee
JEV-0377,jev-demo-0377,社内文書の検索の担当者の記録 — つむぎ広報室 [JEV-0377],T08,社内文書の検索,S06,つむぎ広報室,7,1,0,0,1,0,490,2025-05-03 04:00:00,Draft,2008e8774a967e0791c6d77f45f40aaeb451aaf5692499731ae04905bfe0eabc
JEV-0378,jev-demo-0378,社内文書の検索の作業日誌 — こもれび制作室 [JEV-0378],T08,社内文書の検索,S06,こもれび制作室,12,1,0,0,1,0,491,2026-03-02 23:00:00,Draft,431c23d7d8e1fc06a65b91acdce951dda5fb795793ad2bace57cc1e254a0f157
JEV-0379,jev-demo-0379,社内文書の検索の現場からの報告 — みなと企画室 [JEV-0379],T08,社内文書の検索,S06,みなと企画室,18,1,0,0,1,0,495,2024-05-17 10:00:00,Draft,d1f44ab43cdbe5516410ad05691bcb1a1794a2f12c3031c7d66b54b8c9ac8e49
JEV-0380,jev-demo-0380,社内文書の検索の取り組みのメモ — しおり運用室 [JEV-0380],T08,社内文書の検索,S06,しおり運用室,25,1,0,0,1,0,500,2025-03-17 05:00:00,Draft,e5a0e7b690d6063fcdb3aa4235dad1828eb553bd4ef56b51724f1a7086f65e29
JEV-0381,jev-demo-0381,社内文書の検索の運用ノート — あさぎ情報室 [JEV-0381],T08,社内文書の検索,S07,あさぎ情報室,4,1,0,0,1,1,482,2026-01-15 00:00:00,Draft,d1e9f041a6bf2b19e43167383ef40a5ef1042147b165d7aa505228c0697ce079
JEV-0382,jev-demo-0382,社内文書の検索の担当者の記録 — つむぎ広報室 [JEV-0382],T08,社内文書の検索,S07,つむぎ広報室,7,1,0,0,1,1,490,2024-03-31 11:00:00,Draft,829612fedaedd5873dd6f7f7ed79b9e502503150d750bd937be7c797737daf61
JEV-0383,jev-demo-0383,社内文書の検索の作業日誌 — こもれび制作室 [JEV-0383],T08,社内文書の検索,S07,こもれび制作室,12,1,0,0,1,1,491,2025-01-29 06:00:00,Draft,316631e9f4f6a41ee1dbf4f9fd7ce4a597e1936a834551837f109e06b4dcffc5
JEV-0384,jev-demo-0384,社内文書の検索の現場からの報告 — みなと企画室 [JEV-0384],T08,社内文書の検索,S07,みなと企画室,18,1,0,0,1,1,495,2025-11-29 01:00:00,Draft,8a3dbe7d4e0c66d8595604ce8d6235eeb471b6771d5641a294d6fc807e934d99
JEV-0385,jev-demo-0385,社内文書の検索の取り組みのメモ — しおり運用室 [JEV-0385],T08,社内文書の検索,S07,しおり運用室,25,1,0,0,1,1,500,2024-02-13 12:00:00,Draft,5ccf8630322a238a4f02125f0841e1f2822952bcd5e67f1835868f5b203064d9
JEV-0386,jev-demo-0386,社内文書の検索の運用ノート — あさぎ情報室 [JEV-0386],T08,社内文書の検索,S08,あさぎ情報室,4,1,1,1,0,0,547,2024-12-13 07:00:00,Draft,b0487a0b90ae231d903d7f43f564a858e1968f82a325db361fa2ea55f313f2ba
JEV-0387,jev-demo-0387,社内文書の検索の担当者の記録 — つむぎ広報室 [JEV-0387],T08,社内文書の検索,S08,つむぎ広報室,7,1,1,1,0,0,555,2025-10-13 02:00:00,Draft,4fa9b7f5e4763b3176fbe56aeba43a6bdc6051a02acb31f875688ce5b5ecd914
JEV-0388,jev-demo-0388,社内文書の検索の作業日誌 — こもれび制作室 [JEV-0388],T08,社内文書の検索,S08,こもれび制作室,12,1,1,1,0,0,556,2026-08-12 21:00:00,Draft,1f507bc42b8a9814e36ff02ff8d9351ea00db18c9674a1676a84d8a06dae5c0d
JEV-0389,jev-demo-0389,社内文書の検索の現場からの報告 — みなと企画室 [JEV-0389],T08,社内文書の検索,S08,みなと企画室,18,1,1,1,0,0,560,2024-10-27 08:00:00,Draft,494aebfd6bfd6bd1c73896373e2604570b8e3c9f9de7fd6b73b0fed10102f8e9
JEV-0390,jev-demo-0390,社内文書の検索の取り組みのメモ — しおり運用室 [JEV-0390],T08,社内文書の検索,S08,しおり運用室,25,1,1,1,0,0,565,2025-08-27 03:00:00,Draft,b5c2ac756c0ffebc8e5340cd56db1a1579190be561412d7a16f14355ac740115
JEV-0391,jev-demo-0391,社内文書の検索の運用ノート — あさぎ情報室 [JEV-0391],T08,社内文書の検索,S09,あさぎ情報室,4,1,1,0,0,0,497,2026-06-26 22:00:00,Draft,9c8be772a174ae5cb87e5741e45c408a1209d0a414f21fddf002db4e6b0972f1
JEV-0392,jev-demo-0392,社内文書の検索の担当者の記録 — つむぎ広報室 [JEV-0392],T08,社内文書の検索,S09,つむぎ広報室,7,1,1,0,0,0,505,2024-09-10 09:00:00,Draft,afaa3e8b7f94743cdbe0bb89713c78957f41d89de37a0e2ca68fb81f66935afc
JEV-0393,jev-demo-0393,社内文書の検索の作業日誌 — こもれび制作室 [JEV-0393],T08,社内文書の検索,S09,こもれび制作室,12,1,1,0,0,0,506,2025-07-11 04:00:00,Draft,5fa598fb8e37d5155ef10ab1a54425150d519767f0b8bf1ff0898c1d5d980a5e
JEV-0394,jev-demo-0394,社内文書の検索の現場からの報告 — みなと企画室 [JEV-0394],T08,社内文書の検索,S09,みなと企画室,18,1,1,0,0,0,510,2026-05-10 23:00:00,Draft,4aaebed24a16a1c2a120bdce258353d5a04e5eee3d0c121fd9248b15545e9cc4
JEV-0395,jev-demo-0395,社内文書の検索の取り組みのメモ — しおり運用室 [JEV-0395],T08,社内文書の検索,S09,しおり運用室,25,1,1,0,0,0,515,2024-07-25 10:00:00,Draft,52a7e6c8bfb62789cff7bd2a46ef6e4428ea4acd880a242399e20ec83e6d8021
JEV-0396,jev-demo-0396,社内文書の検索の運用ノート — あさぎ情報室 [JEV-0396],T08,社内文書の検索,S10,あさぎ情報室,4,1,0,0,0,0,492,2025-05-25 05:00:00,Draft,a4265142193264a97b44ccce8fe267d10a1b126b5e5659480fc65b347a33c072
JEV-0397,jev-demo-0397,社内文書の検索の担当者の記録 — つむぎ広報室 [JEV-0397],T08,社内文書の検索,S10,つむぎ広報室,7,1,0,0,0,0,500,2026-03-25 00:00:00,Draft,c2e24307380d1ba7cfe91ca7429d01ff25574485c6dbca10f510e90387beab2a
JEV-0398,jev-demo-0398,社内文書の検索の作業日誌 — こもれび制作室 [JEV-0398],T08,社内文書の検索,S10,こもれび制作室,12,1,0,0,0,0,501,2024-06-08 11:00:00,Draft,15b4458cd69b785fa24c00ca2853bf84a62c1563e10115ef4d02b54ae44c818c
JEV-0399,jev-demo-0399,社内文書の検索の現場からの報告 — みなと企画室 [JEV-0399],T08,社内文書の検索,S10,みなと企画室,18,1,0,0,0,0,505,2025-04-08 06:00:00,Draft,a7d4d79234b551e4221ca3743f402121a36f3da06021ef0b898183a1e20b0b35
JEV-0400,jev-demo-0400,社内文書の検索の取り組みのメモ — しおり運用室 [JEV-0400],T08,社内文書の検索,S10,しおり運用室,25,1,0,0,0,0,510,2026-02-06 01:00:00,Draft,ce6912b555b9359ebff9416eee5d12fdd9a002b3e95412ee735a3d69e669a741
JEV-0401,jev-demo-0401,店舗情報の一括更新の運用ノート — あさぎ情報室 [JEV-0401],T09,店舗情報の一括更新,S01,あさぎ情報室,4,1,1,1,1,0,590,2024-04-22 12:00:00,Draft,f041a907175844f33793c1945f5a255a0270ce1b9327fb8d4ebe6fcb1385ee45
JEV-0402,jev-demo-0402,店舗情報の一括更新の担当者の記録 — つむぎ広報室 [JEV-0402],T09,店舗情報の一括更新,S01,つむぎ広報室,7,1,1,1,1,0,598,2025-02-20 07:00:00,Draft,078a81e05ae6daee07f6a9b7d9523fb231484008a8b8e6e96563a376d3461941
JEV-0403,jev-demo-0403,店舗情報の一括更新の作業日誌 — こもれび制作室 [JEV-0403],T09,店舗情報の一括更新,S01,こもれび制作室,12,1,1,1,1,0,599,2025-12-21 02:00:00,Draft,76db9725f63c87e99380158d2cf120fa82849352e9bc60f558e37c192c464afa
JEV-0404,jev-demo-0404,店舗情報の一括更新の現場からの報告 — みなと企画室 [JEV-0404],T09,店舗情報の一括更新,S01,みなと企画室,18,1,1,1,1,0,603,2024-03-06 13:00:00,Draft,fe9246b9d60ac5a040220547b9510c3189631b1ba99c1b321e5bd742132aaee9
JEV-0405,jev-demo-0405,店舗情報の一括更新の取り組みのメモ — しおり運用室 [JEV-0405],T09,店舗情報の一括更新,S01,しおり運用室,25,1,1,1,1,0,608,2025-01-04 08:00:00,Draft,75bd19518283c84ac56521861dc507200a1dd33a5d84257ad4e100b826bd4ef5
JEV-0406,jev-demo-0406,店舗情報の一括更新の運用ノート — あさぎ情報室 [JEV-0406],T09,店舗情報の一括更新,S02,あさぎ情報室,4,1,1,1,0,0,531,2025-11-04 03:00:00,Draft,b29f8d8f5d6ba87c8a3f069a75da43157b28bfee03a3ad3a6a40facfeb4ceb67
JEV-0407,jev-demo-0407,店舗情報の一括更新の担当者の記録 — つむぎ広報室 [JEV-0407],T09,店舗情報の一括更新,S02,つむぎ広報室,7,1,1,1,0,0,539,2024-01-19 14:00:00,Draft,b9ee7c6732735e1320e8c799fa9025cfd428dc8f49e3aa2790bb9ac019ec94ac
JEV-0408,jev-demo-0408,店舗情報の一括更新の作業日誌 — こもれび制作室 [JEV-0408],T09,店舗情報の一括更新,S02,こもれび制作室,12,1,1,1,0,0,540,2024-11-18 09:00:00,Draft,0cbacf3f5132703afc1f7079a71e71ca8475a92cd135afc6e33c30bf24fccd01
JEV-0409,jev-demo-0409,店舗情報の一括更新の現場からの報告 — みなと企画室 [JEV-0409],T09,店舗情報の一括更新,S02,みなと企画室,18,1,1,1,0,0,544,2025-09-18 04:00:00,Draft,e0b7068337edcca27634ea937632e1c4aa1c57cdf3889f0d3a2ad302bbf91085
JEV-0410,jev-demo-0410,店舗情報の一括更新の取り組みのメモ — しおり運用室 [JEV-0410],T09,店舗情報の一括更新,S02,しおり運用室,25,1,1,1,0,0,549,2026-07-18 23:00:00,Draft,396264cea4c86baf2b4bdefe10730e7d305c22d97eb69db7fb31400f9206f2a5
JEV-0411,jev-demo-0411,店舗情報の一括更新の運用ノート — あさぎ情報室 [JEV-0411],T09,店舗情報の一括更新,S03,あさぎ情報室,4,1,0,0,0,0,429,2024-10-02 10:00:00,Draft,7f60dd5b1ddd74ffd4d7d3d76ab47ee78aa67c3e9ce3cadaf56ca2e2431088ef
JEV-0412,jev-demo-0412,店舗情報の一括更新の担当者の記録 — つむぎ広報室 [JEV-0412],T09,店舗情報の一括更新,S03,つむぎ広報室,7,1,0,0,0,0,437,2025-08-02 05:00:00,Draft,efc7a76d5c7c230e5768ff53d4b938f64af7c2b851bef1a5a2ffddc7ed26c2b9
JEV-0413,jev-demo-0413,店舗情報の一括更新の作業日誌 — こもれび制作室 [JEV-0413],T09,店舗情報の一括更新,S03,こもれび制作室,12,1,0,0,0,0,438,2026-06-02 00:00:00,Draft,2f30518a50f30056d2cfd0adede57de81587ec4061ee1ef904db45cdcdc1a77b
JEV-0414,jev-demo-0414,店舗情報の一括更新の現場からの報告 — みなと企画室 [JEV-0414],T09,店舗情報の一括更新,S03,みなと企画室,18,1,0,0,0,0,442,2024-08-16 11:00:00,Draft,74b090004a207a2b69a7f99db77527acd939f9c486614338cb57d5bc2b118a2c
JEV-0415,jev-demo-0415,店舗情報の一括更新の取り組みのメモ — しおり運用室 [JEV-0415],T09,店舗情報の一括更新,S03,しおり運用室,25,1,0,0,0,0,447,2025-06-16 06:00:00,Draft,c8b190bddd5442b574d0546c2482f01c7eccd1c3bfe43ca6085f560d655a2bf9
JEV-0416,jev-demo-0416,店舗情報の一括更新の運用ノート — あさぎ情報室 [JEV-0416],T09,店舗情報の一括更新,S04,あさぎ情報室,4,0,0,0,0,0,536,2026-04-16 01:00:00,Draft,2ffc064f1c155439b8a1d74d2a63e688ac0ac836764cceffd14a619bc1610dc1
JEV-0417,jev-demo-0417,店舗情報の一括更新の担当者の記録 — つむぎ広報室 [JEV-0417],T09,店舗情報の一括更新,S04,つむぎ広報室,7,0,0,0,0,0,544,2024-06-30 12:00:00,Draft,23e8eacd9a35098aeefc1d16769ea76f679c55280df91107d38b1c82a29eb906
JEV-0418,jev-demo-0418,店舗情報の一括更新の作業日誌 — こもれび制作室 [JEV-0418],T09,店舗情報の一括更新,S04,こもれび制作室,12,0,0,0,0,0,545,2025-04-30 07:00:00,Draft,7d5f767fef8299b16fa0e4c450e710d7cbb466c156acd02fbb99474ed73658b1
JEV-0419,jev-demo-0419,店舗情報の一括更新の現場からの報告 — みなと企画室 [JEV-0419],T09,店舗情報の一括更新,S04,みなと企画室,18,0,0,0,0,0,549,2026-02-28 02:00:00,Draft,779e5f1c4aa947ddd71cbb3a510339b6e8eb57152868ea0863f4122381774005
JEV-0420,jev-demo-0420,店舗情報の一括更新の取り組みのメモ — しおり運用室 [JEV-0420],T09,店舗情報の一括更新,S04,しおり運用室,25,0,0,0,0,0,554,2024-05-14 13:00:00,Draft,88f63fea581f4e1d0a02147b7549957aeace0002f3b25542282dd3e867a4d64d
JEV-0421,jev-demo-0421,店舗情報の一括更新の運用ノート — あさぎ情報室 [JEV-0421],T09,店舗情報の一括更新,S05,あさぎ情報室,4,0,0,0,1,0,507,2025-03-14 08:00:00,Draft,70ab25fab4353e1dc314c401bca72db764b898a4e4f4129b5ae5a6e04a15d3c8
JEV-0422,jev-demo-0422,店舗情報の一括更新の担当者の記録 — つむぎ広報室 [JEV-0422],T09,店舗情報の一括更新,S05,つむぎ広報室,7,0,0,0,1,0,517,2026-01-12 03:00:00,Draft,ba82e7d73110da2709b14a8a8e54304c1d633038a92d16c758d4ee9cbe614c5a
JEV-0423,jev-demo-0423,店舗情報の一括更新の作業日誌 — こもれび制作室 [JEV-0423],T09,店舗情報の一括更新,S05,こもれび制作室,12,0,0,0,1,0,519,2024-03-28 14:00:00,Draft,a311656322c539117d7fcacea64ee8513234de4ad6791a5450d8c97780b50e4e
JEV-0424,jev-demo-0424,店舗情報の一括更新の現場からの報告 — みなと企画室 [JEV-0424],T09,店舗情報の一括更新,S05,みなと企画室,18,0,0,0,1,0,522,2025-01-26 09:00:00,Draft,adb50c6a2e1957343b8cb32b7342842b35e0267adc620178b224e3f201f7441d
JEV-0425,jev-demo-0425,店舗情報の一括更新の取り組みのメモ — しおり運用室 [JEV-0425],T09,店舗情報の一括更新,S05,しおり運用室,25,0,0,0,1,0,529,2025-11-26 04:00:00,Draft,ca2f2b4b6960cdbbd6bbe57f0de46bff5862292f74f7b0233b764ceea218a065
JEV-0426,jev-demo-0426,店舗情報の一括更新の運用ノート — あさぎ情報室 [JEV-0426],T09,店舗情報の一括更新,S06,あさぎ情報室,4,1,0,0,1,0,488,2024-02-10 15:00:00,Draft,7069f237b508a1928984ba426f8f419a2fa1217b446af065f19e598745feb06b
JEV-0427,jev-demo-0427,店舗情報の一括更新の担当者の記録 — つむぎ広報室 [JEV-0427],T09,店舗情報の一括更新,S06,つむぎ広報室,7,1,0,0,1,0,496,2024-12-10 10:00:00,Draft,c7522981053140dfc783b2cb855ec26f738ea554d9e99bbe88b09dc3d656dead
JEV-0428,jev-demo-0428,店舗情報の一括更新の作業日誌 — こもれび制作室 [JEV-0428],T09,店舗情報の一括更新,S06,こもれび制作室,12,1,0,0,1,0,497,2025-10-10 05:00:00,Draft,c76da61a6ce6bdb307820b7006fe8c3b81393f4e8c6196956234f046d168f6d3
JEV-0429,jev-demo-0429,店舗情報の一括更新の現場からの報告 — みなと企画室 [JEV-0429],T09,店舗情報の一括更新,S06,みなと企画室,18,1,0,0,1,0,501,2026-08-10 00:00:00,Draft,b5dd64ac87e5ab5b57bbf8db0b5fc824efa0e33bee4e5be503edafea63862ea1
JEV-0430,jev-demo-0430,店舗情報の一括更新の取り組みのメモ — しおり運用室 [JEV-0430],T09,店舗情報の一括更新,S06,しおり運用室,25,1,0,0,1,0,506,2024-10-24 11:00:00,Draft,0d7a7484474f6aee5e7a282473896f02b243b0658b787cdc0d93fe328bf8ba7b
JEV-0431,jev-demo-0431,店舗情報の一括更新の運用ノート — あさぎ情報室 [JEV-0431],T09,店舗情報の一括更新,S07,あさぎ情報室,4,1,0,0,1,1,488,2025-08-24 06:00:00,Draft,3e04e8c9ce7afcba1bd9bd7853f110916247f3e2b18cbfabe723e8f41aab9e88
JEV-0432,jev-demo-0432,店舗情報の一括更新の担当者の記録 — つむぎ広報室 [JEV-0432],T09,店舗情報の一括更新,S07,つむぎ広報室,7,1,0,0,1,1,496,2026-06-24 01:00:00,Draft,01e25ce80d6fa7348a06ca517581b26028eaad11b33dd4b46498a46968dd9583
JEV-0433,jev-demo-0433,店舗情報の一括更新の作業日誌 — こもれび制作室 [JEV-0433],T09,店舗情報の一括更新,S07,こもれび制作室,12,1,0,0,1,1,497,2024-09-07 12:00:00,Draft,e11870ac072cbc559a338bc81a3932f17fb28bc70bfd9047a0cca7f7d71e9017
JEV-0434,jev-demo-0434,店舗情報の一括更新の現場からの報告 — みなと企画室 [JEV-0434],T09,店舗情報の一括更新,S07,みなと企画室,18,1,0,0,1,1,501,2025-07-08 07:00:00,Draft,2564d5fec57f55d894b18ee34b29dbf6947471528979c5c9d5c8fe740728bfab
JEV-0435,jev-demo-0435,店舗情報の一括更新の取り組みのメモ — しおり運用室 [JEV-0435],T09,店舗情報の一括更新,S07,しおり運用室,25,1,0,0,1,1,506,2026-05-08 02:00:00,Draft,0b6bb32d39ce7cf91ec61fddcb03fea30bd05f6c4b102f167eb69cf24727374a
JEV-0436,jev-demo-0436,店舗情報の一括更新の運用ノート — あさぎ情報室 [JEV-0436],T09,店舗情報の一括更新,S08,あさぎ情報室,4,1,1,1,0,0,554,2024-07-22 13:00:00,Draft,d776bcedea3a640a54d1eb670e76d731187b6793dd2c79c79e5fa9e4685a2b9f
JEV-0437,jev-demo-0437,店舗情報の一括更新の担当者の記録 — つむぎ広報室 [JEV-0437],T09,店舗情報の一括更新,S08,つむぎ広報室,7,1,1,1,0,0,562,2025-05-22 08:00:00,Draft,bd92de11478860e184ddfc9b5bb63bdfbfd088570a57fd72c9022725a232065a
JEV-0438,jev-demo-0438,店舗情報の一括更新の作業日誌 — こもれび制作室 [JEV-0438],T09,店舗情報の一括更新,S08,こもれび制作室,12,1,1,1,0,0,563,2026-03-22 03:00:00,Draft,c349cb366b2a776bb002203baa52a78b3c6bf55d1a9054aa8a171a63ab23c347
JEV-0439,jev-demo-0439,店舗情報の一括更新の現場からの報告 — みなと企画室 [JEV-0439],T09,店舗情報の一括更新,S08,みなと企画室,18,1,1,1,0,0,567,2024-06-05 14:00:00,Draft,20d409617e12391b59836a026d7bcacc3602f29e5b3b7b8eef6e2282127965b9
JEV-0440,jev-demo-0440,店舗情報の一括更新の取り組みのメモ — しおり運用室 [JEV-0440],T09,店舗情報の一括更新,S08,しおり運用室,25,1,1,1,0,0,572,2025-04-05 09:00:00,Draft,e0f101e2ed1688fa0c32d3334e938e61091565f56f04556970f65fcabdb521d6
JEV-0441,jev-demo-0441,店舗情報の一括更新の運用ノート — あさぎ情報室 [JEV-0441],T09,店舗情報の一括更新,S09,あさぎ情報室,4,1,1,0,0,0,502,2026-02-03 04:00:00,Draft,630bfed29ac63ca0a618363a968e5bde0f6473ddc29579c3fb1f67947edeb4e7
JEV-0442,jev-demo-0442,店舗情報の一括更新の担当者の記録 — つむぎ広報室 [JEV-0442],T09,店舗情報の一括更新,S09,つむぎ広報室,7,1,1,0,0,0,510,2024-04-19 15:00:00,Draft,43ec160e2aee51342ae58ed6dddb34ed84b66151610e6aab32fff0f901c7bd5e
JEV-0443,jev-demo-0443,店舗情報の一括更新の作業日誌 — こもれび制作室 [JEV-0443],T09,店舗情報の一括更新,S09,こもれび制作室,12,1,1,0,0,0,511,2025-02-17 10:00:00,Draft,35d69c42062502880ff3cf63d6c10a3fdf0174b59269450b18d3b9402efe78bb
JEV-0444,jev-demo-0444,店舗情報の一括更新の現場からの報告 — みなと企画室 [JEV-0444],T09,店舗情報の一括更新,S09,みなと企画室,18,1,1,0,0,0,515,2025-12-18 05:00:00,Draft,ac38fa41edb334c715be1b4b7b3a8495e4ba1015744a7505ca732491ace200fe
JEV-0445,jev-demo-0445,店舗情報の一括更新の取り組みのメモ — しおり運用室 [JEV-0445],T09,店舗情報の一括更新,S09,しおり運用室,25,1,1,0,0,0,520,2024-03-03 16:00:00,Draft,d55f9c3d4188ae1100d7ff582ee110923786ba168796d9c995db5df1e0ea097f
JEV-0446,jev-demo-0446,店舗情報の一括更新の運用ノート — あさぎ情報室 [JEV-0446],T09,店舗情報の一括更新,S10,あさぎ情報室,4,1,0,0,0,0,501,2025-01-01 11:00:00,Draft,aad2c22a98f3fd4499717f665181f6bd19e3e9017763cebd0ab25beae5749f62
JEV-0447,jev-demo-0447,店舗情報の一括更新の担当者の記録 — つむぎ広報室 [JEV-0447],T09,店舗情報の一括更新,S10,つむぎ広報室,7,1,0,0,0,0,509,2025-11-01 06:00:00,Draft,df46e83447d9ca44d4c2935af5e5ff8fefe95fa2e6a801153bb71b486d67982d
JEV-0448,jev-demo-0448,店舗情報の一括更新の作業日誌 — こもれび制作室 [JEV-0448],T09,店舗情報の一括更新,S10,こもれび制作室,12,1,0,0,0,0,510,2024-01-16 17:00:00,Draft,cb09fbd5d3681d118dffe19ff91357c596bad7e72c0bf773467ffcec859396f4
JEV-0449,jev-demo-0449,店舗情報の一括更新の現場からの報告 — みなと企画室 [JEV-0449],T09,店舗情報の一括更新,S10,みなと企画室,18,1,0,0,0,0,514,2024-11-15 12:00:00,Draft,e50732b3a20a6145690687b36762278fb4bf67091bfe2c63d3d05a03bee17f0b
JEV-0450,jev-demo-0450,店舗情報の一括更新の取り組みのメモ — しおり運用室 [JEV-0450],T09,店舗情報の一括更新,S10,しおり運用室,25,1,0,0,0,0,519,2025-09-15 07:00:00,Draft,c0c0589212a304298965e140418ce5f82d056274ef4d8331ad696f62f45dd9c6
JEV-0451,jev-demo-0451,ECサイトの商品画像配信の運用ノート — あさぎ情報室 [JEV-0451],T10,ECサイトの商品画像配信,S01,あさぎ情報室,4,1,1,1,1,0,581,2026-07-16 02:00:00,Draft,8580fd3380973400d8e78224f0aed370a4705514ae5c98379a89fda06316ef02
JEV-0452,jev-demo-0452,ECサイトの商品画像配信の担当者の記録 — つむぎ広報室 [JEV-0452],T10,ECサイトの商品画像配信,S01,つむぎ広報室,7,1,1,1,1,0,589,2024-09-29 13:00:00,Draft,4f583355aaad44a3fb5d5e60789c91fcb1fea91ed89ce27ea9ade6cb2524ff57
JEV-0453,jev-demo-0453,ECサイトの商品画像配信の作業日誌 — こもれび制作室 [JEV-0453],T10,ECサイトの商品画像配信,S01,こもれび制作室,12,1,1,1,1,0,590,2025-07-30 08:00:00,Draft,c4268575d6c2a9888784d986ea5b260f548219c73b8cb92fc9b39b6e57cdc4a1
JEV-0454,jev-demo-0454,ECサイトの商品画像配信の現場からの報告 — みなと企画室 [JEV-0454],T10,ECサイトの商品画像配信,S01,みなと企画室,18,1,1,1,1,0,594,2026-05-30 03:00:00,Draft,c3c0c9fa5d6b950bf21e4b34aaee1030a8c4480fab0bbce0fea009a0a1415baa
JEV-0455,jev-demo-0455,ECサイトの商品画像配信の取り組みのメモ — しおり運用室 [JEV-0455],T10,ECサイトの商品画像配信,S01,しおり運用室,25,1,1,1,1,0,599,2024-08-13 14:00:00,Draft,6d65d9316e63d614da912ed89046894cc8a239d42724a2d84bad3ef70d074a47
JEV-0456,jev-demo-0456,ECサイトの商品画像配信の運用ノート — あさぎ情報室 [JEV-0456],T10,ECサイトの商品画像配信,S02,あさぎ情報室,4,1,1,1,0,0,522,2025-06-13 09:00:00,Draft,02362a23f904407accad1ada4023d1fbed74e0dd8c7bb192c9d680f7180e1009
JEV-0457,jev-demo-0457,ECサイトの商品画像配信の担当者の記録 — つむぎ広報室 [JEV-0457],T10,ECサイトの商品画像配信,S02,つむぎ広報室,7,1,1,1,0,0,530,2026-04-13 04:00:00,Draft,0f8ebef448700e98b776142d50dee19850bd62df00f8b7ebc913c1f0a95dfccd
JEV-0458,jev-demo-0458,ECサイトの商品画像配信の作業日誌 — こもれび制作室 [JEV-0458],T10,ECサイトの商品画像配信,S02,こもれび制作室,12,1,1,1,0,0,531,2024-06-27 15:00:00,Draft,77a0b4830844269fe178ca0a079337bf0851cd095968cef452abe2b1ee03c088
JEV-0459,jev-demo-0459,ECサイトの商品画像配信の現場からの報告 — みなと企画室 [JEV-0459],T10,ECサイトの商品画像配信,S02,みなと企画室,18,1,1,1,0,0,535,2025-04-27 10:00:00,Draft,f9a48e73a0a19aabd51de20eb506b0ca7e8b9dae94356c793c6c41e47bec9bd9
JEV-0460,jev-demo-0460,ECサイトの商品画像配信の取り組みのメモ — しおり運用室 [JEV-0460],T10,ECサイトの商品画像配信,S02,しおり運用室,25,1,1,1,0,0,540,2026-02-25 05:00:00,Draft,8e356ede2ef5011f0cbfb590658e3528677023d3fdffd8d37053b1f06459ab07
JEV-0461,jev-demo-0461,ECサイトの商品画像配信の運用ノート — あさぎ情報室 [JEV-0461],T10,ECサイトの商品画像配信,S03,あさぎ情報室,4,1,0,0,0,0,438,2024-05-11 16:00:00,Draft,e8fc4d79807d6bfef53759a2ed228e56e88e72b3dca703cc0d98bf5af6046b7a
JEV-0462,jev-demo-0462,ECサイトの商品画像配信の担当者の記録 — つむぎ広報室 [JEV-0462],T10,ECサイトの商品画像配信,S03,つむぎ広報室,7,1,0,0,0,0,446,2025-03-11 11:00:00,Draft,b2f38bc39233641450d5a4b829a2f02948e783f84b9ec916c61f8c4893ecaf44
JEV-0463,jev-demo-0463,ECサイトの商品画像配信の作業日誌 — こもれび制作室 [JEV-0463],T10,ECサイトの商品画像配信,S03,こもれび制作室,12,1,0,0,0,0,447,2026-01-09 06:00:00,Draft,de6ad723d61e6f325529afcc12d627b28a41e177ec3d85594d171f6e6a72550e
JEV-0464,jev-demo-0464,ECサイトの商品画像配信の現場からの報告 — みなと企画室 [JEV-0464],T10,ECサイトの商品画像配信,S03,みなと企画室,18,1,0,0,0,0,451,2024-03-25 17:00:00,Draft,fd90e5506820d052b1b3731e75ea170237f777adcbec0282a6ad32fcea0f7e8e
JEV-0465,jev-demo-0465,ECサイトの商品画像配信の取り組みのメモ — しおり運用室 [JEV-0465],T10,ECサイトの商品画像配信,S03,しおり運用室,25,1,0,0,0,0,456,2025-01-23 12:00:00,Draft,3b6f996f6d1c64f64e45e459d47413cbbeb1c562c595957920302233b5937602
JEV-0466,jev-demo-0466,ECサイトの商品画像配信の運用ノート — あさぎ情報室 [JEV-0466],T10,ECサイトの商品画像配信,S04,あさぎ情報室,4,0,0,0,0,0,527,2025-11-23 07:00:00,Draft,8e0e845eea7f12e0adc60496885a0462acae2be35ff1ce9314244ced3d873d1f
JEV-0467,jev-demo-0467,ECサイトの商品画像配信の担当者の記録 — つむぎ広報室 [JEV-0467],T10,ECサイトの商品画像配信,S04,つむぎ広報室,7,0,0,0,0,0,535,2024-02-07 18:00:00,Draft,28cb009982b678357eafd65e8bbe7a091b2689e1ece0189c8779abad4c72e3b4
JEV-0468,jev-demo-0468,ECサイトの商品画像配信の作業日誌 — こもれび制作室 [JEV-0468],T10,ECサイトの商品画像配信,S04,こもれび制作室,12,0,0,0,0,0,536,2024-12-07 13:00:00,Draft,baf130aa6f188f9fd9b6b7feaf92cbbf459692f1d061430ccaa0fcea2d51442e
JEV-0469,jev-demo-0469,ECサイトの商品画像配信の現場からの報告 — みなと企画室 [JEV-0469],T10,ECサイトの商品画像配信,S04,みなと企画室,18,0,0,0,0,0,540,2025-10-07 08:00:00,Draft,a4dd18a60070bdeec0725a6cc70a2343ec590371fd6ad23f22f155997b8b71d8
JEV-0470,jev-demo-0470,ECサイトの商品画像配信の取り組みのメモ — しおり運用室 [JEV-0470],T10,ECサイトの商品画像配信,S04,しおり運用室,25,0,0,0,0,0,545,2026-08-07 03:00:00,Draft,7c8af5da9890d24e1ddceff9ce5a02827802b99b6d09f4a3d01dfa1d4bb4e294
JEV-0471,jev-demo-0471,ECサイトの商品画像配信の運用ノート — あさぎ情報室 [JEV-0471],T10,ECサイトの商品画像配信,S05,あさぎ情報室,4,0,0,0,1,0,516,2024-10-21 14:00:00,Draft,ea8404356560f2fff7e85da6ee4ee16624f0370c1c881dcd121f98ed82209ead
JEV-0472,jev-demo-0472,ECサイトの商品画像配信の担当者の記録 — つむぎ広報室 [JEV-0472],T10,ECサイトの商品画像配信,S05,つむぎ広報室,7,0,0,0,1,0,526,2025-08-21 09:00:00,Draft,c374f1e87b565a43e6435781a4f69eec60be189e2ca9bc1cd9c5f9cdbd22b339
JEV-0473,jev-demo-0473,ECサイトの商品画像配信の作業日誌 — こもれび制作室 [JEV-0473],T10,ECサイトの商品画像配信,S05,こもれび制作室,12,0,0,0,1,0,528,2026-06-21 04:00:00,Draft,0ba18b43fee230dc3c09506b508ce4e33585c85d5dd3462a3e56f28a91ec2438
JEV-0474,jev-demo-0474,ECサイトの商品画像配信の現場からの報告 — みなと企画室 [JEV-0474],T10,ECサイトの商品画像配信,S05,みなと企画室,18,0,0,0,1,0,531,2024-09-04 15:00:00,Draft,ac4e4b11140ee1ab41c8c4ae4b2cbc36b0770e8ced46b7e2eb26d02ae112149b
JEV-0475,jev-demo-0475,ECサイトの商品画像配信の取り組みのメモ — しおり運用室 [JEV-0475],T10,ECサイトの商品画像配信,S05,しおり運用室,25,0,0,0,1,0,538,2025-07-05 10:00:00,Draft,8637f3df8be63a735bf46b61b18e80579ced5b8ace787cda6b428cf1ee4d29ed
JEV-0476,jev-demo-0476,ECサイトの商品画像配信の運用ノート — あさぎ情報室 [JEV-0476],T10,ECサイトの商品画像配信,S06,あさぎ情報室,4,1,0,0,1,0,497,2026-05-05 05:00:00,Draft,29fab39fb75e8a1fbe05493f4aa1f905ddb44142527f2039dc8b1cd0084fce0d
JEV-0477,jev-demo-0477,ECサイトの商品画像配信の担当者の記録 — つむぎ広報室 [JEV-0477],T10,ECサイトの商品画像配信,S06,つむぎ広報室,7,1,0,0,1,0,505,2024-07-19 16:00:00,Draft,e8676371d85561599bee046fa3f11a2dba728371cd77bb9e30a19dce733625c1
JEV-0478,jev-demo-0478,ECサイトの商品画像配信の作業日誌 — こもれび制作室 [JEV-0478],T10,ECサイトの商品画像配信,S06,こもれび制作室,12,1,0,0,1,0,506,2025-05-19 11:00:00,Draft,87ab51fe3de147bc2c79bb6d797e58ee435fe94b0967293558380321e50a7562
JEV-0479,jev-demo-0479,ECサイトの商品画像配信の現場からの報告 — みなと企画室 [JEV-0479],T10,ECサイトの商品画像配信,S06,みなと企画室,18,1,0,0,1,0,510,2026-03-19 06:00:00,Draft,20efa145bb1c1107f046817c16294516aa0f8bdf8c3c20337a9bc9eb9996595f
JEV-0480,jev-demo-0480,ECサイトの商品画像配信の取り組みのメモ — しおり運用室 [JEV-0480],T10,ECサイトの商品画像配信,S06,しおり運用室,25,1,0,0,1,0,515,2024-06-02 17:00:00,Draft,3b9734502635fe6d23c8bddc10ef51e8f73ac3e49ec1efbaaf282c853c919035
JEV-0481,jev-demo-0481,ECサイトの商品画像配信の運用ノート — あさぎ情報室 [JEV-0481],T10,ECサイトの商品画像配信,S07,あさぎ情報室,4,1,0,0,1,1,497,2025-04-02 12:00:00,Draft,5f564e5e82be44bfa56ad302803c812ad6a6eea3004ede4a8a51cc6c1bb7a451
JEV-0482,jev-demo-0482,ECサイトの商品画像配信の担当者の記録 — つむぎ広報室 [JEV-0482],T10,ECサイトの商品画像配信,S07,つむぎ広報室,7,1,0,0,1,1,505,2026-01-31 07:00:00,Draft,8873d42eb62404ce899bb8db5569c42ed9bf59e8a49ebf57a71dc949683f41f9
JEV-0483,jev-demo-0483,ECサイトの商品画像配信の作業日誌 — こもれび制作室 [JEV-0483],T10,ECサイトの商品画像配信,S07,こもれび制作室,12,1,0,0,1,1,506,2024-04-16 18:00:00,Draft,312cf022c6e307ddfab9833e42a8aec0c21aaeff2d462d17bbf210bf16fb9caa
JEV-0484,jev-demo-0484,ECサイトの商品画像配信の現場からの報告 — みなと企画室 [JEV-0484],T10,ECサイトの商品画像配信,S07,みなと企画室,18,1,0,0,1,1,510,2025-02-14 13:00:00,Draft,8695cffd9932e4387c0dd0a2f66217e7c78826d4949731417c3dcec50643772e
JEV-0485,jev-demo-0485,ECサイトの商品画像配信の取り組みのメモ — しおり運用室 [JEV-0485],T10,ECサイトの商品画像配信,S07,しおり運用室,25,1,0,0,1,1,515,2025-12-15 08:00:00,Draft,77a6faa20097ce303880e45b175af10eab09fc5deacc59bf8952c0282209c24e
JEV-0486,jev-demo-0486,ECサイトの商品画像配信の運用ノート — あさぎ情報室 [JEV-0486],T10,ECサイトの商品画像配信,S08,あさぎ情報室,4,1,1,1,0,0,545,2024-02-29 19:00:00,Draft,a5ca91b225b69a18dfe7be80099d487da500c924551aecae1dd666c7081a63b4
JEV-0487,jev-demo-0487,ECサイトの商品画像配信の担当者の記録 — つむぎ広報室 [JEV-0487],T10,ECサイトの商品画像配信,S08,つむぎ広報室,7,1,1,1,0,0,553,2024-12-29 14:00:00,Draft,7808bcfe3ef75fd8fc26144bb77d5b42ecf89429c346dae235809061a8b037d9
JEV-0488,jev-demo-0488,ECサイトの商品画像配信の作業日誌 — こもれび制作室 [JEV-0488],T10,ECサイトの商品画像配信,S08,こもれび制作室,12,1,1,1,0,0,554,2025-10-29 09:00:00,Draft,4c497e981eb1c22042cdabfe5ff661abdc9169295d2d61b39ab39ba432d85275
JEV-0489,jev-demo-0489,ECサイトの商品画像配信の現場からの報告 — みなと企画室 [JEV-0489],T10,ECサイトの商品画像配信,S08,みなと企画室,18,1,1,1,0,0,558,2024-01-13 20:00:00,Draft,49f2f2e41f67b4b0683c76a808eea3ebb0c166e1ab746f180f4ac0ab511589fa
JEV-0490,jev-demo-0490,ECサイトの商品画像配信の取り組みのメモ — しおり運用室 [JEV-0490],T10,ECサイトの商品画像配信,S08,しおり運用室,25,1,1,1,0,0,563,2024-11-12 15:00:00,Draft,1cfeb8c836bf166b4a751d6f05a65c4b7c29e76a5320ee1d952addece0f25089
JEV-0491,jev-demo-0491,ECサイトの商品画像配信の運用ノート — あさぎ情報室 [JEV-0491],T10,ECサイトの商品画像配信,S09,あさぎ情報室,4,1,1,0,0,0,498,2025-09-12 10:00:00,Draft,c7d243982f943619190f495fda63a8a5b0e3d4e198dcd96c1cd07ef43b3b444b
JEV-0492,jev-demo-0492,ECサイトの商品画像配信の担当者の記録 — つむぎ広報室 [JEV-0492],T10,ECサイトの商品画像配信,S09,つむぎ広報室,7,1,1,0,0,0,506,2026-07-13 05:00:00,Draft,0f48112fb444b7e5e7538264bd327be5cb6d55cd6ca5ee144ff97192ff7c78ea
JEV-0493,jev-demo-0493,ECサイトの商品画像配信の作業日誌 — こもれび制作室 [JEV-0493],T10,ECサイトの商品画像配信,S09,こもれび制作室,12,1,1,0,0,0,507,2024-09-26 16:00:00,Draft,76cfda929366dd8bd72d9bcc76c6e40710a2fd8b791250e6de125a111c4a92c5
JEV-0494,jev-demo-0494,ECサイトの商品画像配信の現場からの報告 — みなと企画室 [JEV-0494],T10,ECサイトの商品画像配信,S09,みなと企画室,18,1,1,0,0,0,511,2025-07-27 11:00:00,Draft,eb62c2652bcbc38804c643ff9ddc7831fcf0cf4e1a8c16edc1a876d5c336c1e4
JEV-0495,jev-demo-0495,ECサイトの商品画像配信の取り組みのメモ — しおり運用室 [JEV-0495],T10,ECサイトの商品画像配信,S09,しおり運用室,25,1,1,0,0,0,516,2026-05-27 06:00:00,Draft,b67d07c1f64c9a796bce76430c92e7e2c6a7f0f3d380fa1f3bac545879236645
JEV-0496,jev-demo-0496,ECサイトの商品画像配信の運用ノート — あさぎ情報室 [JEV-0496],T10,ECサイトの商品画像配信,S10,あさぎ情報室,4,1,0,0,0,0,504,2024-08-10 17:00:00,Draft,1710409fc556805f214ad8ee58576c8e0f7f8a11b6ecfe9ee7d4ff00867ee0a7
JEV-0497,jev-demo-0497,ECサイトの商品画像配信の担当者の記録 — つむぎ広報室 [JEV-0497],T10,ECサイトの商品画像配信,S10,つむぎ広報室,7,1,0,0,0,0,512,2025-06-10 12:00:00,Draft,6ba0633400ee23c2217844d2f1f45386fcf752f35c6b44062530cd8e22998575
JEV-0498,jev-demo-0498,ECサイトの商品画像配信の作業日誌 — こもれび制作室 [JEV-0498],T10,ECサイトの商品画像配信,S10,こもれび制作室,12,1,0,0,0,0,513,2026-04-10 07:00:00,Draft,86cf5c625c4baf047d6d47b60fdcf0f5d00b5c130f964b1a063e312efe3136cd
JEV-0499,jev-demo-0499,ECサイトの商品画像配信の現場からの報告 — みなと企画室 [JEV-0499],T10,ECサイトの商品画像配信,S10,みなと企画室,18,1,0,0,0,0,517,2024-06-24 18:00:00,Draft,e10ced46749c080d71b47b7c540e4376a7706e095a399eb49ceac1b1c7ae2059
JEV-0500,jev-demo-0500,ECサイトの商品画像配信の取り組みのメモ — しおり運用室 [JEV-0500],T10,ECサイトの商品画像配信,S10,しおり運用室,25,1,0,0,0,0,522,2025-04-24 13:00:00,Draft,35d6eeaf9922413ec8b226b7c860d56b5e13f93f09318ee5174cbb99d6b376f3
JEV-0501,jev-demo-0501,医療機関の診療案内更新の運用ノート — あさぎ情報室 [JEV-0501],T11,医療機関の診療案内更新,S01,あさぎ情報室,4,1,1,1,1,0,584,2026-02-22 08:00:00,Draft,427e5ad084ff77bcc1a464a2a87f0dd869b46c72d17e2ccba0ffc5d50bd78397
JEV-0502,jev-demo-0502,医療機関の診療案内更新の担当者の記録 — つむぎ広報室 [JEV-0502],T11,医療機関の診療案内更新,S01,つむぎ広報室,7,1,1,1,1,0,592,2024-05-08 19:00:00,Draft,14dc7279eb13488ad997246dd7f5c30cf43637b06923b1de002197a620d0ab70
JEV-0503,jev-demo-0503,医療機関の診療案内更新の作業日誌 — こもれび制作室 [JEV-0503],T11,医療機関の診療案内更新,S01,こもれび制作室,12,1,1,1,1,0,593,2025-03-08 14:00:00,Draft,cb6862ae8e817fe9c17abda447fe5fb185d20b49e74ec8366b378fe23b37e9fb
JEV-0504,jev-demo-0504,医療機関の診療案内更新の現場からの報告 — みなと企画室 [JEV-0504],T11,医療機関の診療案内更新,S01,みなと企画室,18,1,1,1,1,0,597,2026-01-06 09:00:00,Draft,542af8ddbf3b45c7fa4ba33f3db6722cb7ec246872f8222397a4dceae7c67eff
JEV-0505,jev-demo-0505,医療機関の診療案内更新の取り組みのメモ — しおり運用室 [JEV-0505],T11,医療機関の診療案内更新,S01,しおり運用室,25,1,1,1,1,0,602,2024-03-22 20:00:00,Draft,c9ba3c6cd44b35ccfd7827065bb8c8849bbb92bb2f28c946a379ca78ff971a7c
JEV-0506,jev-demo-0506,医療機関の診療案内更新の運用ノート — あさぎ情報室 [JEV-0506],T11,医療機関の診療案内更新,S02,あさぎ情報室,4,1,1,1,0,0,525,2025-01-20 15:00:00,Draft,572b07b25690f04a71a46a6b48d1e47fe611fdce8cc8d5ab0d3bd16e95370775
JEV-0507,jev-demo-0507,医療機関の診療案内更新の担当者の記録 — つむぎ広報室 [JEV-0507],T11,医療機関の診療案内更新,S02,つむぎ広報室,7,1,1,1,0,0,533,2025-11-20 10:00:00,Draft,3143e794620d873dd2e72b31ab814d4edee65c51642194c8f72444be2e3fcebd
JEV-0508,jev-demo-0508,医療機関の診療案内更新の作業日誌 — こもれび制作室 [JEV-0508],T11,医療機関の診療案内更新,S02,こもれび制作室,12,1,1,1,0,0,534,2024-02-04 21:00:00,Draft,ea1f0dc956cc448c99b9c4e6b36e1609b92fda5ef8293ec7e1d98d44a887ee69
JEV-0509,jev-demo-0509,医療機関の診療案内更新の現場からの報告 — みなと企画室 [JEV-0509],T11,医療機関の診療案内更新,S02,みなと企画室,18,1,1,1,0,0,538,2024-12-04 16:00:00,Draft,0e889130f5e9455705350c51f2c6831eec940689f319bb90e73752a3ea64207e
JEV-0510,jev-demo-0510,医療機関の診療案内更新の取り組みのメモ — しおり運用室 [JEV-0510],T11,医療機関の診療案内更新,S02,しおり運用室,25,1,1,1,0,0,543,2025-10-04 11:00:00,Draft,603edb4c5e0a8631cd209ccafea4907173e29674806a3a3d805f7d198bb11cf2
JEV-0511,jev-demo-0511,医療機関の診療案内更新の運用ノート — あさぎ情報室 [JEV-0511],T11,医療機関の診療案内更新,S03,あさぎ情報室,4,1,0,0,0,0,433,2026-08-04 06:00:00,Draft,d1a27409a3982be42d70ea262152fc744232257799eb2452ff9ceba3d2b711b0
JEV-0512,jev-demo-0512,医療機関の診療案内更新の担当者の記録 — つむぎ広報室 [JEV-0512],T11,医療機関の診療案内更新,S03,つむぎ広報室,7,1,0,0,0,0,441,2024-10-18 17:00:00,Draft,1fcb2aa6866ee5a3758ac351bfe9aa41fdfe6b8cd89ab8a70a1c01d725d34192
JEV-0513,jev-demo-0513,医療機関の診療案内更新の作業日誌 — こもれび制作室 [JEV-0513],T11,医療機関の診療案内更新,S03,こもれび制作室,12,1,0,0,0,0,442,2025-08-18 12:00:00,Draft,509159eda470b35fb60bd2c91819a881d3b18da34dd2d24c1b4e9db3a54d74b1
JEV-0514,jev-demo-0514,医療機関の診療案内更新の現場からの報告 — みなと企画室 [JEV-0514],T11,医療機関の診療案内更新,S03,みなと企画室,18,1,0,0,0,0,446,2026-06-18 07:00:00,Draft,11574e29070f4d30f9cb0476d4339e262513e5821da0e64f808cfc5b1ae09f23
JEV-0515,jev-demo-0515,医療機関の診療案内更新の取り組みのメモ — しおり運用室 [JEV-0515],T11,医療機関の診療案内更新,S03,しおり運用室,25,1,0,0,0,0,451,2024-09-01 18:00:00,Draft,9965b020b174618ed188a3cdeb458390b324d6a45db440ff3ba6f1a9490dbdbf
JEV-0516,jev-demo-0516,医療機関の診療案内更新の運用ノート — あさぎ情報室 [JEV-0516],T11,医療機関の診療案内更新,S04,あさぎ情報室,4,0,0,0,0,0,530,2025-07-02 13:00:00,Draft,8496ff08ff7b9cbe8b8b510bfae7d980fc4cdae4215c0e89708a9d259f569d47
JEV-0517,jev-demo-0517,医療機関の診療案内更新の担当者の記録 — つむぎ広報室 [JEV-0517],T11,医療機関の診療案内更新,S04,つむぎ広報室,7,0,0,0,0,0,538,2026-05-02 08:00:00,Draft,044af7e18667cf7d5e9b776f77b254f78558f15110d094410da9c8a55f6eb2d0
JEV-0518,jev-demo-0518,医療機関の診療案内更新の作業日誌 — こもれび制作室 [JEV-0518],T11,医療機関の診療案内更新,S04,こもれび制作室,12,0,0,0,0,0,539,2024-07-16 19:00:00,Draft,7b30a960015ed4ec84a0aeac71bed990f130893135568419dd95ad02a2af5853
JEV-0519,jev-demo-0519,医療機関の診療案内更新の現場からの報告 — みなと企画室 [JEV-0519],T11,医療機関の診療案内更新,S04,みなと企画室,18,0,0,0,0,0,543,2025-05-16 14:00:00,Draft,a802905ffc0bd4e4e0b8ced00c47b791acda4d35199a6cce0993401988059f60
JEV-0520,jev-demo-0520,医療機関の診療案内更新の取り組みのメモ — しおり運用室 [JEV-0520],T11,医療機関の診療案内更新,S04,しおり運用室,25,0,0,0,0,0,548,2026-03-16 09:00:00,Draft,0ad9a9c2813d4a6e48dbc9ef0f03436de016e47becc420c43770d1d3af92b373
JEV-0521,jev-demo-0521,医療機関の診療案内更新の運用ノート — あさぎ情報室 [JEV-0521],T11,医療機関の診療案内更新,S05,あさぎ情報室,4,0,0,0,1,0,511,2024-05-30 20:00:00,Draft,877f7cfc62207d28f35d8f884d9ebafcb3a422c556dd3bac219f46b84d752da2
JEV-0522,jev-demo-0522,医療機関の診療案内更新の担当者の記録 — つむぎ広報室 [JEV-0522],T11,医療機関の診療案内更新,S05,つむぎ広報室,7,0,0,0,1,0,521,2025-03-30 15:00:00,Draft,f8b71c83158f20bef8ada668b2901668d7f523493eca15a4169a1fff30c0d7be
JEV-0523,jev-demo-0523,医療機関の診療案内更新の作業日誌 — こもれび制作室 [JEV-0523],T11,医療機関の診療案内更新,S05,こもれび制作室,12,0,0,0,1,0,523,2026-01-28 10:00:00,Draft,2cf300c46fb71855a1d0aff1443119e64dd4259f1374fa7e3243747483459089
JEV-0524,jev-demo-0524,医療機関の診療案内更新の現場からの報告 — みなと企画室 [JEV-0524],T11,医療機関の診療案内更新,S05,みなと企画室,18,0,0,0,1,0,526,2024-04-13 21:00:00,Draft,b1a5bb1313d84406a1eb260dd4cca9c55439d343872cb67a34d3a4ca86ba6aeb
JEV-0525,jev-demo-0525,医療機関の診療案内更新の取り組みのメモ — しおり運用室 [JEV-0525],T11,医療機関の診療案内更新,S05,しおり運用室,25,0,0,0,1,0,533,2025-02-11 16:00:00,Draft,007bf502a749e102f49b69b94873735697f724becbc534e6608d986a69596708
JEV-0526,jev-demo-0526,医療機関の診療案内更新の運用ノート — あさぎ情報室 [JEV-0526],T11,医療機関の診療案内更新,S06,あさぎ情報室,4,1,0,0,1,0,492,2025-12-12 11:00:00,Draft,b82e7f7358a74e3cd65db2b6a5093fc2c68d4986d60c41a1a748b7ef105df4d1
JEV-0527,jev-demo-0527,医療機関の診療案内更新の担当者の記録 — つむぎ広報室 [JEV-0527],T11,医療機関の診療案内更新,S06,つむぎ広報室,7,1,0,0,1,0,500,2024-02-26 22:00:00,Draft,68ea06ed4e559629d70f0231b7d10e1d3de4ecef008916f388e542a1c66363bd
JEV-0528,jev-demo-0528,医療機関の診療案内更新の作業日誌 — こもれび制作室 [JEV-0528],T11,医療機関の診療案内更新,S06,こもれび制作室,12,1,0,0,1,0,501,2024-12-26 17:00:00,Draft,f05203b5f0a36814ecfb89dc98aa2975cb4c98c0a4910fe021eca6a7a44164d5
JEV-0529,jev-demo-0529,医療機関の診療案内更新の現場からの報告 — みなと企画室 [JEV-0529],T11,医療機関の診療案内更新,S06,みなと企画室,18,1,0,0,1,0,505,2025-10-26 12:00:00,Draft,bec8f2e574ad19c87a61e6df2d6b003af8c26431e99e0ff30aa4ff80313204e0
JEV-0530,jev-demo-0530,医療機関の診療案内更新の取り組みのメモ — しおり運用室 [JEV-0530],T11,医療機関の診療案内更新,S06,しおり運用室,25,1,0,0,1,0,510,2024-01-10 23:00:00,Draft,d9c565d3a74023289c4732b3defc21d4107808c9f70018be3349be5401a9bdff
JEV-0531,jev-demo-0531,医療機関の診療案内更新の運用ノート — あさぎ情報室 [JEV-0531],T11,医療機関の診療案内更新,S07,あさぎ情報室,4,1,0,0,1,1,492,2024-11-09 18:00:00,Draft,882639aa51b3028633cce220e5940eb72c8f1b9e42268b8762404d8d93f47cd0
JEV-0532,jev-demo-0532,医療機関の診療案内更新の担当者の記録 — つむぎ広報室 [JEV-0532],T11,医療機関の診療案内更新,S07,つむぎ広報室,7,1,0,0,1,1,500,2025-09-09 13:00:00,Draft,dacd3651cdcdb70e54b10f2798eba2d059329935073dbb897ea2bdfcda22610e
JEV-0533,jev-demo-0533,医療機関の診療案内更新の作業日誌 — こもれび制作室 [JEV-0533],T11,医療機関の診療案内更新,S07,こもれび制作室,12,1,0,0,1,1,501,2026-07-10 08:00:00,Draft,cc667f130f8fe37a654226c8947dc7fcd2d401158be89671c6bf3a96e6e16a73
JEV-0534,jev-demo-0534,医療機関の診療案内更新の現場からの報告 — みなと企画室 [JEV-0534],T11,医療機関の診療案内更新,S07,みなと企画室,18,1,0,0,1,1,505,2024-09-23 19:00:00,Draft,d2cc6aea137f214e20563b8adb417165dbd1c858c811085dd32031e393c2bde4
JEV-0535,jev-demo-0535,医療機関の診療案内更新の取り組みのメモ — しおり運用室 [JEV-0535],T11,医療機関の診療案内更新,S07,しおり運用室,25,1,0,0,1,1,510,2025-07-24 14:00:00,Draft,0b750c93fb7dbe880d4323c54e67fb4877ba1e8e2c32988c56148702994561cd
JEV-0536,jev-demo-0536,医療機関の診療案内更新の運用ノート — あさぎ情報室 [JEV-0536],T11,医療機関の診療案内更新,S08,あさぎ情報室,4,1,1,1,0,0,548,2026-05-24 09:00:00,Draft,417c8d8740bb3c3a2884a211542e12461151dfb0925af45cd9eac2223cd5c07a
JEV-0537,jev-demo-0537,医療機関の診療案内更新の担当者の記録 — つむぎ広報室 [JEV-0537],T11,医療機関の診療案内更新,S08,つむぎ広報室,7,1,1,1,0,0,556,2024-08-07 20:00:00,Draft,fbd58f076b96dbf04c072c38364f25da0ea683a67d37f4e1cb3b462c88d1e631
JEV-0538,jev-demo-0538,医療機関の診療案内更新の作業日誌 — こもれび制作室 [JEV-0538],T11,医療機関の診療案内更新,S08,こもれび制作室,12,1,1,1,0,0,557,2025-06-07 15:00:00,Draft,03e49265e48b7650dae84b3e5853551b3852cd07423024153752dfa228b51b02
JEV-0539,jev-demo-0539,医療機関の診療案内更新の現場からの報告 — みなと企画室 [JEV-0539],T11,医療機関の診療案内更新,S08,みなと企画室,18,1,1,1,0,0,561,2026-04-07 10:00:00,Draft,1a0a016316ddd4e35a1be7f0479c3cd4671ef93a9be4abf0b9f871db78ed78cd
JEV-0540,jev-demo-0540,医療機関の診療案内更新の取り組みのメモ — しおり運用室 [JEV-0540],T11,医療機関の診療案内更新,S08,しおり運用室,25,1,1,1,0,0,566,2024-06-21 21:00:00,Draft,a61c3d543178c6bc2e1f8198a57995c456388f07dd5d6e482d6f2825b85da5d3
JEV-0541,jev-demo-0541,医療機関の診療案内更新の運用ノート — あさぎ情報室 [JEV-0541],T11,医療機関の診療案内更新,S09,あさぎ情報室,4,1,1,0,0,0,502,2025-04-21 16:00:00,Draft,7f19fd5a723ab059c1c567ab91097799ee6946558903699c43ceb3231cde6a1f
JEV-0542,jev-demo-0542,医療機関の診療案内更新の担当者の記録 — つむぎ広報室 [JEV-0542],T11,医療機関の診療案内更新,S09,つむぎ広報室,7,1,1,0,0,0,510,2026-02-19 11:00:00,Draft,148577b3cc1511a69a4ba376e13999b318c7e48ec37d87bdbe530bafd6b9cfc3
JEV-0543,jev-demo-0543,医療機関の診療案内更新の作業日誌 — こもれび制作室 [JEV-0543],T11,医療機関の診療案内更新,S09,こもれび制作室,12,1,1,0,0,0,511,2024-05-05 22:00:00,Draft,ce83374e40883bd51081055a1c7a5715b12842fab88c0ec3e805a58f16a0ba3f
JEV-0544,jev-demo-0544,医療機関の診療案内更新の現場からの報告 — みなと企画室 [JEV-0544],T11,医療機関の診療案内更新,S09,みなと企画室,18,1,1,0,0,0,515,2025-03-05 17:00:00,Draft,2c33c7b96ad4d6b0592429448c3989b566fa9e59fe59aec17d45cd3ccf912a16
JEV-0545,jev-demo-0545,医療機関の診療案内更新の取り組みのメモ — しおり運用室 [JEV-0545],T11,医療機関の診療案内更新,S09,しおり運用室,25,1,1,0,0,0,520,2026-01-03 12:00:00,Draft,72a9c7b09c6304c75de22f02fb97682014f0327805ab8d57ad42a89c98db56cb
JEV-0546,jev-demo-0546,医療機関の診療案内更新の運用ノート — あさぎ情報室 [JEV-0546],T11,医療機関の診療案内更新,S10,あさぎ情報室,4,1,0,0,0,0,502,2024-03-19 23:00:00,Draft,c83264137e50509f92a3a344566c4aaf7f856fda9df4fb215c917b149a352935
JEV-0547,jev-demo-0547,医療機関の診療案内更新の担当者の記録 — つむぎ広報室 [JEV-0547],T11,医療機関の診療案内更新,S10,つむぎ広報室,7,1,0,0,0,0,510,2025-01-17 18:00:00,Draft,97bbbc5ae889e09a25b328de1dcc662099cf83c33254c4390f2e82797303f7e9
JEV-0548,jev-demo-0548,医療機関の診療案内更新の作業日誌 — こもれび制作室 [JEV-0548],T11,医療機関の診療案内更新,S10,こもれび制作室,12,1,0,0,0,0,511,2025-11-17 13:00:00,Draft,cbc0fa1793cf0fed870e0cb899648863c088be18aa56b62fea9dacc529119864
JEV-0549,jev-demo-0549,医療機関の診療案内更新の現場からの報告 — みなと企画室 [JEV-0549],T11,医療機関の診療案内更新,S10,みなと企画室,18,1,0,0,0,0,515,2024-02-02 00:00:00,Draft,89bf3702fe807202ea25e5d394313852d405fd1030699d10e9baa8656e7ab5a1
JEV-0550,jev-demo-0550,医療機関の診療案内更新の取り組みのメモ — しおり運用室 [JEV-0550],T11,医療機関の診療案内更新,S10,しおり運用室,25,1,0,0,0,0,520,2024-12-01 19:00:00,Draft,0aadbcca2494fc96ff6849865aa6fb15a6ca7773f697460cfdb7345066947d20
JEV-0551,jev-demo-0551,展示会サイトの短期公開の運用ノート — あさぎ情報室 [JEV-0551],T12,展示会サイトの短期公開,S01,あさぎ情報室,4,1,1,1,1,0,586,2025-10-01 14:00:00,Draft,e6ad2a9f2c49a910cd07f5c1c46c2d1bc1cd899e8f282a51e1c98bc49ecfd8ca
JEV-0552,jev-demo-0552,展示会サイトの短期公開の担当者の記録 — つむぎ広報室 [JEV-0552],T12,展示会サイトの短期公開,S01,つむぎ広報室,7,1,1,1,1,0,594,2026-08-01 09:00:00,Draft,52001646f0ad1647d7dc0fb0a629255a683071bfcdef2a93daca1c5aff14a78d
JEV-0553,jev-demo-0553,展示会サイトの短期公開の作業日誌 — こもれび制作室 [JEV-0553],T12,展示会サイトの短期公開,S01,こもれび制作室,12,1,1,1,1,0,595,2024-10-15 20:00:00,Draft,775e20d807e71fba2dafc024c0c42801c2827e8fc0706d47fd53bffd01f73f5f
JEV-0554,jev-demo-0554,展示会サイトの短期公開の現場からの報告 — みなと企画室 [JEV-0554],T12,展示会サイトの短期公開,S01,みなと企画室,18,1,1,1,1,0,599,2025-08-15 15:00:00,Draft,a6b163d634252c6359f67f83ac01a21e863cd0b8b24c8c7aa27a88fd53cae0e7
JEV-0555,jev-demo-0555,展示会サイトの短期公開の取り組みのメモ — しおり運用室 [JEV-0555],T12,展示会サイトの短期公開,S01,しおり運用室,25,1,1,1,1,0,604,2026-06-15 10:00:00,Draft,09b583e3029998f7b84b9d1415b480df5de914421845a9be6d72be3d3c06c079
JEV-0556,jev-demo-0556,展示会サイトの短期公開の運用ノート — あさぎ情報室 [JEV-0556],T12,展示会サイトの短期公開,S02,あさぎ情報室,4,1,1,1,0,0,527,2024-08-29 21:00:00,Draft,9bb31fc6a41845208caf3a8ca7f2547f05b422c59aef33ebd8ef3509fb94664d
JEV-0557,jev-demo-0557,展示会サイトの短期公開の担当者の記録 — つむぎ広報室 [JEV-0557],T12,展示会サイトの短期公開,S02,つむぎ広報室,7,1,1,1,0,0,535,2025-06-29 16:00:00,Draft,1dca85f45f3cc49282c99818f8eada4ab2af8ac59930fd94365ee1e95cd9bafa
JEV-0558,jev-demo-0558,展示会サイトの短期公開の作業日誌 — こもれび制作室 [JEV-0558],T12,展示会サイトの短期公開,S02,こもれび制作室,12,1,1,1,0,0,536,2026-04-29 11:00:00,Draft,654481e0ba79bb84b1d16c42f708b636cb4f0b4894fcd167a640061d58ec839e
JEV-0559,jev-demo-0559,展示会サイトの短期公開の現場からの報告 — みなと企画室 [JEV-0559],T12,展示会サイトの短期公開,S02,みなと企画室,18,1,1,1,0,0,540,2024-07-13 22:00:00,Draft,c67dacf92e2bd4fd17f3ce2769280d6c70238add4f95e6e64b14385da648087e
JEV-0560,jev-demo-0560,展示会サイトの短期公開の取り組みのメモ — しおり運用室 [JEV-0560],T12,展示会サイトの短期公開,S02,しおり運用室,25,1,1,1,0,0,545,2025-05-13 17:00:00,Draft,962e5aabe8e9a3646ce926ec2164d294624ae7837a3b0d399c464d79aed77556
JEV-0561,jev-demo-0561,展示会サイトの短期公開の運用ノート — あさぎ情報室 [JEV-0561],T12,展示会サイトの短期公開,S03,あさぎ情報室,4,1,0,0,0,0,435,2026-03-13 12:00:00,Draft,6790010becc88d1c6e2bd52f39f17169e5295fbe92f4f96ebc103749461780de
JEV-0562,jev-demo-0562,展示会サイトの短期公開の担当者の記録 — つむぎ広報室 [JEV-0562],T12,展示会サイトの短期公開,S03,つむぎ広報室,7,1,0,0,0,0,443,2024-05-27 23:00:00,Draft,a347bffdd235a4d5079f53ee9e9dd2fccc192985431e6fcd5499d9ec8de9f5e3
JEV-0563,jev-demo-0563,展示会サイトの短期公開の作業日誌 — こもれび制作室 [JEV-0563],T12,展示会サイトの短期公開,S03,こもれび制作室,12,1,0,0,0,0,444,2025-03-27 18:00:00,Draft,e51602dab3c5766a89a9f497f9f3156c963a3ab569a1ce613b070712603f2779
JEV-0564,jev-demo-0564,展示会サイトの短期公開の現場からの報告 — みなと企画室 [JEV-0564],T12,展示会サイトの短期公開,S03,みなと企画室,18,1,0,0,0,0,448,2026-01-25 13:00:00,Draft,9f78d24f70570146aecd31db3b7b7b03659a3d63bfb1ceb68af91a358b1220af
JEV-0565,jev-demo-0565,展示会サイトの短期公開の取り組みのメモ — しおり運用室 [JEV-0565],T12,展示会サイトの短期公開,S03,しおり運用室,25,1,0,0,0,0,453,2024-04-11 00:00:00,Draft,f818664b8094ce7d33b390bb9abe1a5fa9549fdc4690e43ba671639d1387e78b
JEV-0566,jev-demo-0566,展示会サイトの短期公開の運用ノート — あさぎ情報室 [JEV-0566],T12,展示会サイトの短期公開,S04,あさぎ情報室,4,0,0,0,0,0,532,2025-02-08 19:00:00,Draft,c1315d92b345889220d69c80cbd2b4cf70f3936ef73180bb66c20848b17bbbe3
JEV-0567,jev-demo-0567,展示会サイトの短期公開の担当者の記録 — つむぎ広報室 [JEV-0567],T12,展示会サイトの短期公開,S04,つむぎ広報室,7,0,0,0,0,0,540,2025-12-09 14:00:00,Draft,b2f50c7b6a5ca5273f2d38ff925dd88e6f0438a49727aa7510a6ef7d490989cd
JEV-0568,jev-demo-0568,展示会サイトの短期公開の作業日誌 — こもれび制作室 [JEV-0568],T12,展示会サイトの短期公開,S04,こもれび制作室,12,0,0,0,0,0,541,2024-02-24 01:00:00,Draft,8b4365ee4f84f2cb5001aeee4b92d7856afea27a31daa0cd45575bddefbd2a82
JEV-0569,jev-demo-0569,展示会サイトの短期公開の現場からの報告 — みなと企画室 [JEV-0569],T12,展示会サイトの短期公開,S04,みなと企画室,18,0,0,0,0,0,545,2024-12-23 20:00:00,Draft,18ae73eb1c0924276b1c1560aed66033d53895b299f371d370f4131f2c41c053
JEV-0570,jev-demo-0570,展示会サイトの短期公開の取り組みのメモ — しおり運用室 [JEV-0570],T12,展示会サイトの短期公開,S04,しおり運用室,25,0,0,0,0,0,550,2025-10-23 15:00:00,Draft,30c866883ac9bfd0a212d141f1d4cbbecbd7b64207478e06252b2073ed3067fe
JEV-0571,jev-demo-0571,展示会サイトの短期公開の運用ノート — あさぎ情報室 [JEV-0571],T12,展示会サイトの短期公開,S05,あさぎ情報室,4,0,0,0,1,0,513,2024-01-08 02:00:00,Draft,aa8f0e2cd0a80cf487f1784d57d85b1999f14343bd7fb8256f0d643b5afd118a
JEV-0572,jev-demo-0572,展示会サイトの短期公開の担当者の記録 — つむぎ広報室 [JEV-0572],T12,展示会サイトの短期公開,S05,つむぎ広報室,7,0,0,0,1,0,523,2024-11-06 21:00:00,Draft,0465304f2e524b7547647fd4522202605bbb2410d669f7593d814efff157c5dc
JEV-0573,jev-demo-0573,展示会サイトの短期公開の作業日誌 — こもれび制作室 [JEV-0573],T12,展示会サイトの短期公開,S05,こもれび制作室,12,0,0,0,1,0,525,2025-09-06 16:00:00,Draft,ed1e77e7cecfde9d8496fdd180738660941c9722b0653c61b0591b290a659440
JEV-0574,jev-demo-0574,展示会サイトの短期公開の現場からの報告 — みなと企画室 [JEV-0574],T12,展示会サイトの短期公開,S05,みなと企画室,18,0,0,0,1,0,528,2026-07-07 11:00:00,Draft,e2a02bd6a279f9e7ebd61fca8085bffded030984efe46c702331914b332ce20b
JEV-0575,jev-demo-0575,展示会サイトの短期公開の取り組みのメモ — しおり運用室 [JEV-0575],T12,展示会サイトの短期公開,S05,しおり運用室,25,0,0,0,1,0,535,2024-09-20 22:00:00,Draft,d0339a6b29f40f6994424fcad139ff762bb248ff3e1153bde7715d0c30ae2e76
JEV-0576,jev-demo-0576,展示会サイトの短期公開の運用ノート — あさぎ情報室 [JEV-0576],T12,展示会サイトの短期公開,S06,あさぎ情報室,4,1,0,0,1,0,494,2025-07-21 17:00:00,Draft,3c7f3f42572727a8616a7391a7935fa51746aa293513380b3d037a31ec47ab8e
JEV-0577,jev-demo-0577,展示会サイトの短期公開の担当者の記録 — つむぎ広報室 [JEV-0577],T12,展示会サイトの短期公開,S06,つむぎ広報室,7,1,0,0,1,0,502,2026-05-21 12:00:00,Draft,c19a9810c65dc8717544e0d3d14e3c74bc00c5d68769aca39c5d2053d8d479f2
JEV-0578,jev-demo-0578,展示会サイトの短期公開の作業日誌 — こもれび制作室 [JEV-0578],T12,展示会サイトの短期公開,S06,こもれび制作室,12,1,0,0,1,0,503,2024-08-04 23:00:00,Draft,927e42d61c3efdddf6db611e17208e8c2bbcbacbf016cb82aafbe64d6f93cfec
JEV-0579,jev-demo-0579,展示会サイトの短期公開の現場からの報告 — みなと企画室 [JEV-0579],T12,展示会サイトの短期公開,S06,みなと企画室,18,1,0,0,1,0,507,2025-06-04 18:00:00,Draft,789e96069338afeb4c87d9164ba2c8cfab7c16ed23d515b9ce0c415ec78a5eaf
JEV-0580,jev-demo-0580,展示会サイトの短期公開の取り組みのメモ — しおり運用室 [JEV-0580],T12,展示会サイトの短期公開,S06,しおり運用室,25,1,0,0,1,0,512,2026-04-04 13:00:00,Draft,14de574fbc98f440adfbb8961e714d32458776c9967f4692f6d2a62cbb1968cf
JEV-0581,jev-demo-0581,展示会サイトの短期公開の運用ノート — あさぎ情報室 [JEV-0581],T12,展示会サイトの短期公開,S07,あさぎ情報室,4,1,0,0,1,1,494,2024-06-19 00:00:00,Draft,847ea58450a9fc6882ba74a99d60806ba891c571c426c30f3df4950a63fa01cd
JEV-0582,jev-demo-0582,展示会サイトの短期公開の担当者の記録 — つむぎ広報室 [JEV-0582],T12,展示会サイトの短期公開,S07,つむぎ広報室,7,1,0,0,1,1,502,2025-04-18 19:00:00,Draft,d60de4936a8dfb84a4067ed77babb2fd6e9c6b54929ea6d13c4645330f1f9e9f
JEV-0583,jev-demo-0583,展示会サイトの短期公開の作業日誌 — こもれび制作室 [JEV-0583],T12,展示会サイトの短期公開,S07,こもれび制作室,12,1,0,0,1,1,503,2026-02-16 14:00:00,Draft,114525d4da3c4d7433667eb1c7850e01a14d53f81e1b7d9fc98635c6aa3a7a1b
JEV-0584,jev-demo-0584,展示会サイトの短期公開の現場からの報告 — みなと企画室 [JEV-0584],T12,展示会サイトの短期公開,S07,みなと企画室,18,1,0,0,1,1,507,2024-05-03 01:00:00,Draft,765c3b1747af440face5981644e462b7286ba1f123103e4f631c38eeb978b35a
JEV-0585,jev-demo-0585,展示会サイトの短期公開の取り組みのメモ — しおり運用室 [JEV-0585],T12,展示会サイトの短期公開,S07,しおり運用室,25,1,0,0,1,1,512,2025-03-02 20:00:00,Draft,7bd19bbbb398436dfe73d47c8163102677fe5df7a2cf2cb0dc689dbc3396e638
JEV-0586,jev-demo-0586,展示会サイトの短期公開の運用ノート — あさぎ情報室 [JEV-0586],T12,展示会サイトの短期公開,S08,あさぎ情報室,4,1,1,1,0,0,550,2025-12-31 15:00:00,Draft,f5c5b15a606b14815ec0a5b567dd6ddb917d14c54db002806ea85f1aa84ca88a
JEV-0587,jev-demo-0587,展示会サイトの短期公開の担当者の記録 — つむぎ広報室 [JEV-0587],T12,展示会サイトの短期公開,S08,つむぎ広報室,7,1,1,1,0,0,558,2024-03-17 02:00:00,Draft,37c142530fc16ea9820ab7d0dda607be90d250ca0d87dd559eaaa6c97000cea9
JEV-0588,jev-demo-0588,展示会サイトの短期公開の作業日誌 — こもれび制作室 [JEV-0588],T12,展示会サイトの短期公開,S08,こもれび制作室,12,1,1,1,0,0,559,2025-01-14 21:00:00,Draft,5a416a3e7c3461b9614086ddb8419f60d58cc5ac7caa31932f9b7f597ea2a824
JEV-0589,jev-demo-0589,展示会サイトの短期公開の現場からの報告 — みなと企画室 [JEV-0589],T12,展示会サイトの短期公開,S08,みなと企画室,18,1,1,1,0,0,563,2025-11-14 16:00:00,Draft,8e7b4e8b29f03737031c001630c3c744520ddf92e4809b66a2749b2532509f7a
JEV-0590,jev-demo-0590,展示会サイトの短期公開の取り組みのメモ — しおり運用室 [JEV-0590],T12,展示会サイトの短期公開,S08,しおり運用室,25,1,1,1,0,0,568,2024-01-30 03:00:00,Draft,cae8e6ed24e543a647e2c9dea54b3af7dd15f256b958dd434e319f4d9cc968d6
JEV-0591,jev-demo-0591,展示会サイトの短期公開の運用ノート — あさぎ情報室 [JEV-0591],T12,展示会サイトの短期公開,S09,あさぎ情報室,4,1,1,0,0,0,500,2024-11-28 22:00:00,Draft,7ac85df94b34cdb8afe8f50d7aafbbcbdd9336ec7cdb810b9bff62115e673915
JEV-0592,jev-demo-0592,展示会サイトの短期公開の担当者の記録 — つむぎ広報室 [JEV-0592],T12,展示会サイトの短期公開,S09,つむぎ広報室,7,1,1,0,0,0,508,2025-09-28 17:00:00,Draft,6c13a62c3cbe97b0c9b732b9c00ae0276f50cef559816687a7f1966706a1a625
JEV-0593,jev-demo-0593,展示会サイトの短期公開の作業日誌 — こもれび制作室 [JEV-0593],T12,展示会サイトの短期公開,S09,こもれび制作室,12,1,1,0,0,0,509,2026-07-29 12:00:00,Draft,16b34b7ef8d8bfc09be3a8ba0fb531b9136b4b3713245b998d37461828246cda
JEV-0594,jev-demo-0594,展示会サイトの短期公開の現場からの報告 — みなと企画室 [JEV-0594],T12,展示会サイトの短期公開,S09,みなと企画室,18,1,1,0,0,0,513,2024-10-12 23:00:00,Draft,72948435ea348714ac91dbab7aa4d1a96bc276dabea4ed9dee2a0c084c147c57
JEV-0595,jev-demo-0595,展示会サイトの短期公開の取り組みのメモ — しおり運用室 [JEV-0595],T12,展示会サイトの短期公開,S09,しおり運用室,25,1,1,0,0,0,518,2025-08-12 18:00:00,Draft,c4d0356e25628a1ff91264d9353bcd53877640964aa2993541e25acdb1085f34
JEV-0596,jev-demo-0596,展示会サイトの短期公開の運用ノート — あさぎ情報室 [JEV-0596],T12,展示会サイトの短期公開,S10,あさぎ情報室,4,1,0,0,0,0,501,2026-06-12 13:00:00,Draft,d0a687e3bc038b194365f3abe6a61db006835b460cda2b17dc36726705c0c929
JEV-0597,jev-demo-0597,展示会サイトの短期公開の担当者の記録 — つむぎ広報室 [JEV-0597],T12,展示会サイトの短期公開,S10,つむぎ広報室,7,1,0,0,0,0,509,2024-08-27 00:00:00,Draft,c37f5d0d7a65e5a1f99f45dd6f95056b29e55af3e7347e567a58d6946fa6a4a4
JEV-0598,jev-demo-0598,展示会サイトの短期公開の作業日誌 — こもれび制作室 [JEV-0598],T12,展示会サイトの短期公開,S10,こもれび制作室,12,1,0,0,0,0,510,2025-06-26 19:00:00,Draft,6986785d532deb81af58b56c153c9bbc2a4621500b0aac71b69a84971a7eeab4
JEV-0599,jev-demo-0599,展示会サイトの短期公開の現場からの報告 — みなと企画室 [JEV-0599],T12,展示会サイトの短期公開,S10,みなと企画室,18,1,0,0,0,0,514,2026-04-26 14:00:00,Draft,575fb76abb8f5bbb00986cc25ed9c4a94d9730e64b4fe5cf55a8236abd1310c6
JEV-0600,jev-demo-0600,展示会サイトの短期公開の取り組みのメモ — しおり運用室 [JEV-0600],T12,展示会サイトの短期公開,S10,しおり運用室,25,1,0,0,0,0,519,2024-07-11 01:00:00,Draft,203daad2a7171f149ccf000a4af23d573db98c38dd6787cfc9dfdc9b4c68b43e
JEV-0601,jev-demo-0601,採用サイトの応募フォームの運用ノート — あさぎ情報室 [JEV-0601],T13,採用サイトの応募フォーム,S01,あさぎ情報室,4,1,1,1,1,0,595,2025-05-10 20:00:00,Draft,de8be5721230ee5e0d71482358d96274a3a97651fce5182e97222bd7b64e128b
JEV-0602,jev-demo-0602,採用サイトの応募フォームの担当者の記録 — つむぎ広報室 [JEV-0602],T13,採用サイトの応募フォーム,S01,つむぎ広報室,7,1,1,1,1,0,603,2026-03-10 15:00:00,Draft,897a7ba4c319c3263b20d57089118c12e02cda87d5f77523a45a805fcd366acd
JEV-0603,jev-demo-0603,採用サイトの応募フォームの作業日誌 — こもれび制作室 [JEV-0603],T13,採用サイトの応募フォーム,S01,こもれび制作室,12,1,1,1,1,0,604,2024-05-25 02:00:00,Draft,32dd95d924cb8d256217712ab12a50f1179ca987dcdf9076dd55b3e8555120c0
JEV-0604,jev-demo-0604,採用サイトの応募フォームの現場からの報告 — みなと企画室 [JEV-0604],T13,採用サイトの応募フォーム,S01,みなと企画室,18,1,1,1,1,0,608,2025-03-24 21:00:00,Draft,d50dbb9ac6b257ec1f0ff6344bc50792e447d04cd1ee19fac612e9e013576d6a
JEV-0605,jev-demo-0605,採用サイトの応募フォームの取り組みのメモ — しおり運用室 [JEV-0605],T13,採用サイトの応募フォーム,S01,しおり運用室,25,1,1,1,1,0,613,2026-01-22 16:00:00,Draft,e00062ffa475ecd9724c7e1130b1a4bdc53bea3ce4ee369e728851ace9617386
JEV-0606,jev-demo-0606,採用サイトの応募フォームの運用ノート — あさぎ情報室 [JEV-0606],T13,採用サイトの応募フォーム,S02,あさぎ情報室,4,1,1,1,0,0,536,2024-04-08 03:00:00,Draft,d6e0b94978077152c78770f0148d36ef597ff6101b25c2a8c22b1f82bc4a99ec
JEV-0607,jev-demo-0607,採用サイトの応募フォームの担当者の記録 — つむぎ広報室 [JEV-0607],T13,採用サイトの応募フォーム,S02,つむぎ広報室,7,1,1,1,0,0,544,2025-02-05 22:00:00,Draft,dd38d023d3a33dd13bd4b20694cd60c09db9f080b41c74475dfbf285cae51325
JEV-0608,jev-demo-0608,採用サイトの応募フォームの作業日誌 — こもれび制作室 [JEV-0608],T13,採用サイトの応募フォーム,S02,こもれび制作室,12,1,1,1,0,0,545,2025-12-06 17:00:00,Draft,7804046b664ce9d01563ede4cefa3a9437d836f2c45810216c7f0d261990aeab
JEV-0609,jev-demo-0609,採用サイトの応募フォームの現場からの報告 — みなと企画室 [JEV-0609],T13,採用サイトの応募フォーム,S02,みなと企画室,18,1,1,1,0,0,549,2024-02-21 04:00:00,Draft,8af8a0405407ab5b76410012393c7c5c0334c66b80681352c03508c49dd4fb32
JEV-0610,jev-demo-0610,採用サイトの応募フォームの取り組みのメモ — しおり運用室 [JEV-0610],T13,採用サイトの応募フォーム,S02,しおり運用室,25,1,1,1,0,0,554,2024-12-20 23:00:00,Draft,14e4ef10238752ff4e184373f4e60bfe3ace7041baee31d9f2f4880d33cf313c
JEV-0611,jev-demo-0611,採用サイトの応募フォームの運用ノート — あさぎ情報室 [JEV-0611],T13,採用サイトの応募フォーム,S03,あさぎ情報室,4,1,0,0,0,0,440,2025-10-20 18:00:00,Draft,4253a5d1e749da4089e561bce59fbc270497dd798b433c6ce454d35e9167fb2b
JEV-0612,jev-demo-0612,採用サイトの応募フォームの担当者の記録 — つむぎ広報室 [JEV-0612],T13,採用サイトの応募フォーム,S03,つむぎ広報室,7,1,0,0,0,0,448,2024-01-05 05:00:00,Draft,95cb97ffc0307336bc5d2326b9859b3d53c481e6f8603ebe32f8d00621e4add1
JEV-0613,jev-demo-0613,採用サイトの応募フォームの作業日誌 — こもれび制作室 [JEV-0613],T13,採用サイトの応募フォーム,S03,こもれび制作室,12,1,0,0,0,0,449,2024-11-04 00:00:00,Draft,74cfb9ddcffb1d172c7cd826cf7b2985c5a9d9abcdc97e8a052ba96323898dd9
JEV-0614,jev-demo-0614,採用サイトの応募フォームの現場からの報告 — みなと企画室 [JEV-0614],T13,採用サイトの応募フォーム,S03,みなと企画室,18,1,0,0,0,0,453,2025-09-03 19:00:00,Draft,3577fd362089b07b47b70e70d15a479b261cc0424d9729e3b3e7cbab927abd8d
JEV-0615,jev-demo-0615,採用サイトの応募フォームの取り組みのメモ — しおり運用室 [JEV-0615],T13,採用サイトの応募フォーム,S03,しおり運用室,25,1,0,0,0,0,458,2026-07-04 14:00:00,Draft,84a2e9cdaec743fd44ae83676b3798ce1454d1ae37f0402deae5e52b3aee61b3
JEV-0616,jev-demo-0616,採用サイトの応募フォームの運用ノート — あさぎ情報室 [JEV-0616],T13,採用サイトの応募フォーム,S04,あさぎ情報室,4,0,0,0,0,0,541,2024-09-18 01:00:00,Draft,e0a3bb146af42a5166304ec22beb6f05c2b542b51ad9e9bfc728f615272c6ac7
JEV-0617,jev-demo-0617,採用サイトの応募フォームの担当者の記録 — つむぎ広報室 [JEV-0617],T13,採用サイトの応募フォーム,S04,つむぎ広報室,7,0,0,0,0,0,549,2025-07-18 20:00:00,Draft,8919afc125a5f1f7b922880b8dba2468a89718df4e29947a5f6907d4c7dbe758
JEV-0618,jev-demo-0618,採用サイトの応募フォームの作業日誌 — こもれび制作室 [JEV-0618],T13,採用サイトの応募フォーム,S04,こもれび制作室,12,0,0,0,0,0,550,2026-05-18 15:00:00,Draft,2c1bb604d0cb2f4611fb4eaa6dd0809397c36e498fdfc8626437a84a142875cf
JEV-0619,jev-demo-0619,採用サイトの応募フォームの現場からの報告 — みなと企画室 [JEV-0619],T13,採用サイトの応募フォーム,S04,みなと企画室,18,0,0,0,0,0,554,2024-08-02 02:00:00,Draft,4bd1826a804d52854617c70a419ad0a1651b7d19ae2149a98ba2ac1d19903672
JEV-0620,jev-demo-0620,採用サイトの応募フォームの取り組みのメモ — しおり運用室 [JEV-0620],T13,採用サイトの応募フォーム,S04,しおり運用室,25,0,0,0,0,0,559,2025-06-01 21:00:00,Draft,57b7bf7beec4162dbed402a80b34b8482495975af8cad0c84d8b39d81a6c29a9
JEV-0621,jev-demo-0621,採用サイトの応募フォームの運用ノート — あさぎ情報室 [JEV-0621],T13,採用サイトの応募フォーム,S05,あさぎ情報室,4,0,0,0,1,0,518,2026-04-01 16:00:00,Draft,ef1a8c508869e8edf90703cae8d1702851ff78607385779154cab1e8cb5b16e4
JEV-0622,jev-demo-0622,採用サイトの応募フォームの担当者の記録 — つむぎ広報室 [JEV-0622],T13,採用サイトの応募フォーム,S05,つむぎ広報室,7,0,0,0,1,0,528,2024-06-16 03:00:00,Draft,40794b4c349c29fcb40900f82280c5fb28815a00fa82e0cec032b8db8bb82909
JEV-0623,jev-demo-0623,採用サイトの応募フォームの作業日誌 — こもれび制作室 [JEV-0623],T13,採用サイトの応募フォーム,S05,こもれび制作室,12,0,0,0,1,0,530,2025-04-15 22:00:00,Draft,e27ff526fb800b74d1be4fc4b424954e8fdc558b5d9e3cea6583c622623707c6
JEV-0624,jev-demo-0624,採用サイトの応募フォームの現場からの報告 — みなと企画室 [JEV-0624],T13,採用サイトの応募フォーム,S05,みなと企画室,18,0,0,0,1,0,533,2026-02-13 17:00:00,Draft,276cf82f208e6202a3e1669cc5abc48834503e542929b4f182a488b58700ef1c
JEV-0625,jev-demo-0625,採用サイトの応募フォームの取り組みのメモ — しおり運用室 [JEV-0625],T13,採用サイトの応募フォーム,S05,しおり運用室,25,0,0,0,1,0,540,2024-04-30 04:00:00,Draft,f43dbec1181bbf346c63a3988963cfe944f2ad2b84669d04edbb5496384428de
JEV-0626,jev-demo-0626,採用サイトの応募フォームの運用ノート — あさぎ情報室 [JEV-0626],T13,採用サイトの応募フォーム,S06,あさぎ情報室,4,1,0,0,1,0,499,2025-02-27 23:00:00,Draft,461e88a91f8ac769194cf5ba7042978ae572c19bd4ff99f5a99f6768ef517029
JEV-0627,jev-demo-0627,採用サイトの応募フォームの担当者の記録 — つむぎ広報室 [JEV-0627],T13,採用サイトの応募フォーム,S06,つむぎ広報室,7,1,0,0,1,0,507,2025-12-28 18:00:00,Draft,35ba8684b0894add3fc1a104466eb2126efc628b185226257c7a2a2343288ee7
JEV-0628,jev-demo-0628,採用サイトの応募フォームの作業日誌 — こもれび制作室 [JEV-0628],T13,採用サイトの応募フォーム,S06,こもれび制作室,12,1,0,0,1,0,508,2024-03-14 05:00:00,Draft,498ddf18b46855a51696eb43a158ef8fda62464364de5443ed954d3e26ae39fb
JEV-0629,jev-demo-0629,採用サイトの応募フォームの現場からの報告 — みなと企画室 [JEV-0629],T13,採用サイトの応募フォーム,S06,みなと企画室,18,1,0,0,1,0,512,2025-01-12 00:00:00,Draft,90268cdb2309e1ee2e25955ae6ecfa77ccb9de25033255e71cfdab1fe68413e7
JEV-0630,jev-demo-0630,採用サイトの応募フォームの取り組みのメモ — しおり運用室 [JEV-0630],T13,採用サイトの応募フォーム,S06,しおり運用室,25,1,0,0,1,0,517,2025-11-11 19:00:00,Draft,ad3e44f15eb4a48971ada650ddf0a6979560a0cd4da362eb6e3acd1f91248922
JEV-0631,jev-demo-0631,採用サイトの応募フォームの運用ノート — あさぎ情報室 [JEV-0631],T13,採用サイトの応募フォーム,S07,あさぎ情報室,4,1,0,0,1,1,499,2024-01-27 06:00:00,Draft,3d2b44f614bc34a3a3b10a0148a3533147b147dfd733a75ce7ecb129f4ca3309
JEV-0632,jev-demo-0632,採用サイトの応募フォームの担当者の記録 — つむぎ広報室 [JEV-0632],T13,採用サイトの応募フォーム,S07,つむぎ広報室,7,1,0,0,1,1,507,2024-11-26 01:00:00,Draft,f12ef1f799efe12828c400da52166ce7dde463e1ba30d3a859be1c17c8b470bf
JEV-0633,jev-demo-0633,採用サイトの応募フォームの作業日誌 — こもれび制作室 [JEV-0633],T13,採用サイトの応募フォーム,S07,こもれび制作室,12,1,0,0,1,1,508,2025-09-25 20:00:00,Draft,04c72812936aeaf61c1c45434948994271a5bbe0bd3e119fbf680236a59cf48d
JEV-0634,jev-demo-0634,採用サイトの応募フォームの現場からの報告 — みなと企画室 [JEV-0634],T13,採用サイトの応募フォーム,S07,みなと企画室,18,1,0,0,1,1,512,2026-07-26 15:00:00,Draft,8f08c6ead8e39c6f3de6e777f14a51dccf3bb2b4f83f88f5b728e7a0fe94dfa4
JEV-0635,jev-demo-0635,採用サイトの応募フォームの取り組みのメモ — しおり運用室 [JEV-0635],T13,採用サイトの応募フォーム,S07,しおり運用室,25,1,0,0,1,1,517,2024-10-10 02:00:00,Draft,f5d9ce01e1ce574c7ba8c19497c1b72a77bcb59ff427bbf5bdd8c66bff53ce49
JEV-0636,jev-demo-0636,採用サイトの応募フォームの運用ノート — あさぎ情報室 [JEV-0636],T13,採用サイトの応募フォーム,S08,あさぎ情報室,4,1,1,1,0,0,559,2025-08-09 21:00:00,Draft,368b4c7dc9e8e63bb18245b89e1e09600764dbbd669f2f35c5e2fff746027dcf
JEV-0637,jev-demo-0637,採用サイトの応募フォームの担当者の記録 — つむぎ広報室 [JEV-0637],T13,採用サイトの応募フォーム,S08,つむぎ広報室,7,1,1,1,0,0,567,2026-06-09 16:00:00,Draft,ba8a69e015bcea3ec282c31faa03117dc556c654ce0d0428363431ab29317864
JEV-0638,jev-demo-0638,採用サイトの応募フォームの作業日誌 — こもれび制作室 [JEV-0638],T13,採用サイトの応募フォーム,S08,こもれび制作室,12,1,1,1,0,0,568,2024-08-24 03:00:00,Draft,88055a5501f39cd738e5df0dcf9475c1c87566df8901d66bbfb6d493287e3202
JEV-0639,jev-demo-0639,採用サイトの応募フォームの現場からの報告 — みなと企画室 [JEV-0639],T13,採用サイトの応募フォーム,S08,みなと企画室,18,1,1,1,0,0,572,2025-06-23 22:00:00,Draft,638237f3fc20eeeb90e3380cff3704d6ac05ac3795eb8d4bd2d409a2a1380f42
JEV-0640,jev-demo-0640,採用サイトの応募フォームの取り組みのメモ — しおり運用室 [JEV-0640],T13,採用サイトの応募フォーム,S08,しおり運用室,25,1,1,1,0,0,577,2026-04-23 17:00:00,Draft,afbb4135f09e4109d5e618f7d03ea903b01d9907c3b637480d2940395e691aec
JEV-0641,jev-demo-0641,採用サイトの応募フォームの運用ノート — あさぎ情報室 [JEV-0641],T13,採用サイトの応募フォーム,S09,あさぎ情報室,4,1,1,0,0,0,512,2024-07-08 04:00:00,Draft,1f1fe85c7a55cba95e3ac9ea197341d9813116eb668ba8bc104ae3e1559e2733
JEV-0642,jev-demo-0642,採用サイトの応募フォームの担当者の記録 — つむぎ広報室 [JEV-0642],T13,採用サイトの応募フォーム,S09,つむぎ広報室,7,1,1,0,0,0,520,2025-05-07 23:00:00,Draft,804f7362932173e516da8b54ea9c694061ef1344c6c36f42dac71f4ba45a1607
JEV-0643,jev-demo-0643,採用サイトの応募フォームの作業日誌 — こもれび制作室 [JEV-0643],T13,採用サイトの応募フォーム,S09,こもれび制作室,12,1,1,0,0,0,521,2026-03-07 18:00:00,Draft,92cfd385b0c9a360a5f67b950058a94c74afc7f3a4957a34262d51a118f6ca43
JEV-0644,jev-demo-0644,採用サイトの応募フォームの現場からの報告 — みなと企画室 [JEV-0644],T13,採用サイトの応募フォーム,S09,みなと企画室,18,1,1,0,0,0,525,2024-05-22 05:00:00,Draft,81c043fb914fa8f920bf2b11b96964ca52e4129506faf2edca108ff7922557ed
JEV-0645,jev-demo-0645,採用サイトの応募フォームの取り組みのメモ — しおり運用室 [JEV-0645],T13,採用サイトの応募フォーム,S09,しおり運用室,25,1,1,0,0,0,530,2025-03-22 00:00:00,Draft,372f25ed023a09c356d6405582092daf65af2fd7b9b489e32f7b915762391b64
JEV-0646,jev-demo-0646,採用サイトの応募フォームの運用ノート — あさぎ情報室 [JEV-0646],T13,採用サイトの応募フォーム,S10,あさぎ情報室,4,1,0,0,0,0,509,2026-01-19 19:00:00,Draft,c9656b735b1e90aedf8176a8c22723cd0590e0673f7186845a46e974c23b68a3
JEV-0647,jev-demo-0647,採用サイトの応募フォームの担当者の記録 — つむぎ広報室 [JEV-0647],T13,採用サイトの応募フォーム,S10,つむぎ広報室,7,1,0,0,0,0,517,2024-04-05 06:00:00,Draft,67f45106d6bf058c35eec4a0376c3b755ab765e062d419346d4e6de0126e2e7e
JEV-0648,jev-demo-0648,採用サイトの応募フォームの作業日誌 — こもれび制作室 [JEV-0648],T13,採用サイトの応募フォーム,S10,こもれび制作室,12,1,0,0,0,0,518,2025-02-03 01:00:00,Draft,15eef67a9f6762db5fc74eab21d974e70177126a6bfa5871bbb13fa87f58cedc
JEV-0649,jev-demo-0649,採用サイトの応募フォームの現場からの報告 — みなと企画室 [JEV-0649],T13,採用サイトの応募フォーム,S10,みなと企画室,18,1,0,0,0,0,522,2025-12-03 20:00:00,Draft,7c11490e7af416ff33219aa6b17807f4793715885f9b26782fe82fdf51b76e20
JEV-0650,jev-demo-0650,採用サイトの応募フォームの取り組みのメモ — しおり運用室 [JEV-0650],T13,採用サイトの応募フォーム,S10,しおり運用室,25,1,0,0,0,0,527,2024-02-18 07:00:00,Draft,cc8733a75fedb0e1d6fda08de30591961c2b14c5aded127cab4f1ac814f6a26f
JEV-0651,jev-demo-0651,バックアップからの復元訓練の運用ノート — あさぎ情報室 [JEV-0651],T14,バックアップからの復元訓練,S01,あさぎ情報室,4,1,1,1,1,0,594,2024-12-18 02:00:00,Draft,446262dc4b07fb290b2108715c4f8a0fa24715e598adc723f130b161b1fc87f8
JEV-0652,jev-demo-0652,バックアップからの復元訓練の担当者の記録 — つむぎ広報室 [JEV-0652],T14,バックアップからの復元訓練,S01,つむぎ広報室,7,1,1,1,1,0,602,2025-10-17 21:00:00,Draft,50dd25b78d63db2e70c25bf2279b6f5e724719e6695c06bf6a162a9f4032f9a1
JEV-0653,jev-demo-0653,バックアップからの復元訓練の作業日誌 — こもれび制作室 [JEV-0653],T14,バックアップからの復元訓練,S01,こもれび制作室,12,1,1,1,1,0,603,2024-01-02 08:00:00,Draft,27c7e338876ffb73d31d35362c191d961c66a48772c1867011f2400c718b35b9
JEV-0654,jev-demo-0654,バックアップからの復元訓練の現場からの報告 — みなと企画室 [JEV-0654],T14,バックアップからの復元訓練,S01,みなと企画室,18,1,1,1,1,0,607,2024-11-01 03:00:00,Draft,ff0bc3f7ad0beda71c7c7f59bad72db62fe90dae1f9c90f10d43c01aff760e5e
JEV-0655,jev-demo-0655,バックアップからの復元訓練の取り組みのメモ — しおり運用室 [JEV-0655],T14,バックアップからの復元訓練,S01,しおり運用室,25,1,1,1,1,0,612,2025-08-31 22:00:00,Draft,c05d820ddda69ba8f8a4fd21c1d88b07d608ece7675fa02e9e623878423ad904
JEV-0656,jev-demo-0656,バックアップからの復元訓練の運用ノート — あさぎ情報室 [JEV-0656],T14,バックアップからの復元訓練,S02,あさぎ情報室,4,1,1,1,0,0,535,2026-07-01 17:00:00,Draft,32d18eccbf94edd2fec46372b3fb30e7f79cd05f05ac944bdb641b4d679a454e
JEV-0657,jev-demo-0657,バックアップからの復元訓練の担当者の記録 — つむぎ広報室 [JEV-0657],T14,バックアップからの復元訓練,S02,つむぎ広報室,7,1,1,1,0,0,543,2024-09-15 04:00:00,Draft,4490bf497969252ea9d3fae6c7826b18e37bfd37316c8de248203d5dd3c835d5
JEV-0658,jev-demo-0658,バックアップからの復元訓練の作業日誌 — こもれび制作室 [JEV-0658],T14,バックアップからの復元訓練,S02,こもれび制作室,12,1,1,1,0,0,544,2025-07-15 23:00:00,Draft,9e85adf0e29fa7a27d7527065b3774b32903c3a1faab2ea88a0532278a80cb69
JEV-0659,jev-demo-0659,バックアップからの復元訓練の現場からの報告 — みなと企画室 [JEV-0659],T14,バックアップからの復元訓練,S02,みなと企画室,18,1,1,1,0,0,548,2026-05-15 18:00:00,Draft,e153ef48fbc5f248631d91f15956fa0d9e3b1ca89326bb48ac8b455474cc9acd
JEV-0660,jev-demo-0660,バックアップからの復元訓練の取り組みのメモ — しおり運用室 [JEV-0660],T14,バックアップからの復元訓練,S02,しおり運用室,25,1,1,1,0,0,553,2024-07-30 05:00:00,Draft,928ca72a11b0b3863373b87fc2dcf7d0bbfa3a21b0f7e0331acbde013fd82791
JEV-0661,jev-demo-0661,バックアップからの復元訓練の運用ノート — あさぎ情報室 [JEV-0661],T14,バックアップからの復元訓練,S03,あさぎ情報室,4,1,0,0,0,0,440,2025-05-30 00:00:00,Draft,f24ae2f31d4d374233f940b4a6cefe873f14a519e12ed6dbdb89051a5a3eb9ef
JEV-0662,jev-demo-0662,バックアップからの復元訓練の担当者の記録 — つむぎ広報室 [JEV-0662],T14,バックアップからの復元訓練,S03,つむぎ広報室,7,1,0,0,0,0,448,2026-03-29 19:00:00,Draft,3d2bc435bff88a39d13703b3332d3dfaed087fcc01e7dc127accacd2bd33f4c0
JEV-0663,jev-demo-0663,バックアップからの復元訓練の作業日誌 — こもれび制作室 [JEV-0663],T14,バックアップからの復元訓練,S03,こもれび制作室,12,1,0,0,0,0,449,2024-06-13 06:00:00,Draft,62b373097f55dad47f6227e6bce2f67a2df45190c24f396479d12c378f456b55
JEV-0664,jev-demo-0664,バックアップからの復元訓練の現場からの報告 — みなと企画室 [JEV-0664],T14,バックアップからの復元訓練,S03,みなと企画室,18,1,0,0,0,0,453,2025-04-13 01:00:00,Draft,1ee9cf651f20df52e904dc2fee310cdbffcf014e2f9dd393255c460d6f030b07
JEV-0665,jev-demo-0665,バックアップからの復元訓練の取り組みのメモ — しおり運用室 [JEV-0665],T14,バックアップからの復元訓練,S03,しおり運用室,25,1,0,0,0,0,458,2026-02-10 20:00:00,Draft,891388648519bdd774ccc37902fdc66f190409fba8cd16f795e390105758ff4e
JEV-0666,jev-demo-0666,バックアップからの復元訓練の運用ノート — あさぎ情報室 [JEV-0666],T14,バックアップからの復元訓練,S04,あさぎ情報室,4,0,0,0,0,0,540,2024-04-27 07:00:00,Draft,28cc6bf4d8b052d8200e05a35115e940e2989a75c0814bf7b7452b776d076f2e
JEV-0667,jev-demo-0667,バックアップからの復元訓練の担当者の記録 — つむぎ広報室 [JEV-0667],T14,バックアップからの復元訓練,S04,つむぎ広報室,7,0,0,0,0,0,548,2025-02-25 02:00:00,Draft,1a6645ba986f0ee7d37be5689e48c388800d8c8bacd6a12639894c140b8f6b20
JEV-0668,jev-demo-0668,バックアップからの復元訓練の作業日誌 — こもれび制作室 [JEV-0668],T14,バックアップからの復元訓練,S04,こもれび制作室,12,0,0,0,0,0,549,2025-12-25 21:00:00,Draft,b1de0303f64a12b121aeff9d17f8d0a8d4e01eae7d20e39545e2befe46474733
JEV-0669,jev-demo-0669,バックアップからの復元訓練の現場からの報告 — みなと企画室 [JEV-0669],T14,バックアップからの復元訓練,S04,みなと企画室,18,0,0,0,0,0,553,2024-03-11 08:00:00,Draft,ce5f1d0ec8114c54ba327aedb7c101ba304de4c540860058bbf8105691d0c196
JEV-0670,jev-demo-0670,バックアップからの復元訓練の取り組みのメモ — しおり運用室 [JEV-0670],T14,バックアップからの復元訓練,S04,しおり運用室,25,0,0,0,0,0,558,2025-01-09 03:00:00,Draft,5df8864aa77672b4a515a8d6ace01d1883e90f05b7e7fc145f4e45dffdc2c594
JEV-0671,jev-demo-0671,バックアップからの復元訓練の運用ノート — あさぎ情報室 [JEV-0671],T14,バックアップからの復元訓練,S05,あさぎ情報室,4,0,0,0,1,0,518,2025-11-08 22:00:00,Draft,28786a13653cf80821d03be2bb8fd04419296568f9da1efd4f7ddf07dcd41b48
JEV-0672,jev-demo-0672,バックアップからの復元訓練の担当者の記録 — つむぎ広報室 [JEV-0672],T14,バックアップからの復元訓練,S05,つむぎ広報室,7,0,0,0,1,0,528,2024-01-24 09:00:00,Draft,9caed8efb61668043778d65d55892cfc8be2f3e00f4e1edb9cc9a0d9bdd8029d
JEV-0673,jev-demo-0673,バックアップからの復元訓練の作業日誌 — こもれび制作室 [JEV-0673],T14,バックアップからの復元訓練,S05,こもれび制作室,12,0,0,0,1,0,530,2024-11-23 04:00:00,Draft,f0996e85e86acd68e62be49e847c78c67b94155cc78f5996bf529be67527ccbd
JEV-0674,jev-demo-0674,バックアップからの復元訓練の現場からの報告 — みなと企画室 [JEV-0674],T14,バックアップからの復元訓練,S05,みなと企画室,18,0,0,0,1,0,533,2025-09-22 23:00:00,Draft,c157b6506c25c21ca9083bbaf8e0f4b455f4866dca3d365176d76e2b91f6c375
JEV-0675,jev-demo-0675,バックアップからの復元訓練の取り組みのメモ — しおり運用室 [JEV-0675],T14,バックアップからの復元訓練,S05,しおり運用室,25,0,0,0,1,0,540,2026-07-23 18:00:00,Draft,b9a17f601f1f9055f4f0d8e7dc82f4511b3948f1a5548887833b47d5e70e3657
JEV-0676,jev-demo-0676,バックアップからの復元訓練の運用ノート — あさぎ情報室 [JEV-0676],T14,バックアップからの復元訓練,S06,あさぎ情報室,4,1,0,0,1,0,499,2024-10-07 05:00:00,Draft,c8e2298383667a955f07aaa90362b9188571e94d67b9fdc206e2f9417189bba4
JEV-0677,jev-demo-0677,バックアップからの復元訓練の担当者の記録 — つむぎ広報室 [JEV-0677],T14,バックアップからの復元訓練,S06,つむぎ広報室,7,1,0,0,1,0,507,2025-08-07 00:00:00,Draft,2941ea1a032dcc90a5373bc6404a6eba98d6328da69a019de62749d85788407f
JEV-0678,jev-demo-0678,バックアップからの復元訓練の作業日誌 — こもれび制作室 [JEV-0678],T14,バックアップからの復元訓練,S06,こもれび制作室,12,1,0,0,1,0,508,2026-06-06 19:00:00,Draft,e579f69e9ed6d6ac9891689a6950d70d7f9c1da46a0e302ad7bb5db518e62873
JEV-0679,jev-demo-0679,バックアップからの復元訓練の現場からの報告 — みなと企画室 [JEV-0679],T14,バックアップからの復元訓練,S06,みなと企画室,18,1,0,0,1,0,512,2024-08-21 06:00:00,Draft,67651b243d831eaebb915fe3d207646ead59a9286624fc813c49276b23987abb
JEV-0680,jev-demo-0680,バックアップからの復元訓練の取り組みのメモ — しおり運用室 [JEV-0680],T14,バックアップからの復元訓練,S06,しおり運用室,25,1,0,0,1,0,517,2025-06-21 01:00:00,Draft,9d9a46d3220f7c470fa54f9cbc3721d88cfe2a8dc2d28b78b07332864045c2a2
JEV-0681,jev-demo-0681,バックアップからの復元訓練の運用ノート — あさぎ情報室 [JEV-0681],T14,バックアップからの復元訓練,S07,あさぎ情報室,4,1,0,0,1,1,499,2026-04-20 20:00:00,Draft,e60ddd8c8e4c776e8a6c143b432adbdd51741da0326152df3f950fced623d508
JEV-0682,jev-demo-0682,バックアップからの復元訓練の担当者の記録 — つむぎ広報室 [JEV-0682],T14,バックアップからの復元訓練,S07,つむぎ広報室,7,1,0,0,1,1,507,2024-07-05 07:00:00,Draft,0ca5181c1f022af7c40713b39e7db30b0414eeb918c4059b9b5a76b176164754
JEV-0683,jev-demo-0683,バックアップからの復元訓練の作業日誌 — こもれび制作室 [JEV-0683],T14,バックアップからの復元訓練,S07,こもれび制作室,12,1,0,0,1,1,508,2025-05-05 02:00:00,Draft,6d44b280cfe07c81cbb0d2c1ccf9b8974b34c48c830e2e556c64badc3cf1b901
JEV-0684,jev-demo-0684,バックアップからの復元訓練の現場からの報告 — みなと企画室 [JEV-0684],T14,バックアップからの復元訓練,S07,みなと企画室,18,1,0,0,1,1,512,2026-03-04 21:00:00,Draft,28966c967d7ce3a51580079b390ec84e7b09c41453aaaba5955a3ce0b63dfcef
JEV-0685,jev-demo-0685,バックアップからの復元訓練の取り組みのメモ — しおり運用室 [JEV-0685],T14,バックアップからの復元訓練,S07,しおり運用室,25,1,0,0,1,1,517,2024-05-19 08:00:00,Draft,073800c675551462d0d99c2460eb47a6d6d6817d85e1113f1d416379d7bef00c
JEV-0686,jev-demo-0686,バックアップからの復元訓練の運用ノート — あさぎ情報室 [JEV-0686],T14,バックアップからの復元訓練,S08,あさぎ情報室,4,1,1,1,0,0,558,2025-03-19 03:00:00,Draft,cb955034245f5493f6ca6d39baa6973e73e3e73450e992954f567857e73bac85
JEV-0687,jev-demo-0687,バックアップからの復元訓練の担当者の記録 — つむぎ広報室 [JEV-0687],T14,バックアップからの復元訓練,S08,つむぎ広報室,7,1,1,1,0,0,566,2026-01-16 22:00:00,Draft,407c181b4a029704530754e3d05f80e83b0ca4a2a4cb906caad8084dd05aee61
JEV-0688,jev-demo-0688,バックアップからの復元訓練の作業日誌 — こもれび制作室 [JEV-0688],T14,バックアップからの復元訓練,S08,こもれび制作室,12,1,1,1,0,0,567,2024-04-02 09:00:00,Draft,efd75be28839e78c40c4d30dc22ce3436380f22e005ca09f3bc8e1dd52f75a15
JEV-0689,jev-demo-0689,バックアップからの復元訓練の現場からの報告 — みなと企画室 [JEV-0689],T14,バックアップからの復元訓練,S08,みなと企画室,18,1,1,1,0,0,571,2025-01-31 04:00:00,Draft,30cd58b43f87a6a7003cb0f016accbabe7b4d0ce628c7989ecc0ce15530d992d
JEV-0690,jev-demo-0690,バックアップからの復元訓練の取り組みのメモ — しおり運用室 [JEV-0690],T14,バックアップからの復元訓練,S08,しおり運用室,25,1,1,1,0,0,576,2025-11-30 23:00:00,Draft,fe9ffe2dcfcc5c9d358571a368bcfdbbfcf6e5da736d8d0b5ca63aa9ab7b384b
JEV-0691,jev-demo-0691,バックアップからの復元訓練の運用ノート — あさぎ情報室 [JEV-0691],T14,バックアップからの復元訓練,S09,あさぎ情報室,4,1,1,0,0,0,505,2024-02-15 10:00:00,Draft,be190eb28f78b5d965eaed7219b3eebdae4f5d906eab6811d6781e7cc2766b47
JEV-0692,jev-demo-0692,バックアップからの復元訓練の担当者の記録 — つむぎ広報室 [JEV-0692],T14,バックアップからの復元訓練,S09,つむぎ広報室,7,1,1,0,0,0,513,2024-12-15 05:00:00,Draft,c8033a79efc956eb1b927b285cd59ee34807680380f82a736310e1304100b2d3
JEV-0693,jev-demo-0693,バックアップからの復元訓練の作業日誌 — こもれび制作室 [JEV-0693],T14,バックアップからの復元訓練,S09,こもれび制作室,12,1,1,0,0,0,514,2025-10-15 00:00:00,Draft,07b554df800bf405c98502b6555efa42dbf497896e5ce316e66d5fb3fd411d32
JEV-0694,jev-demo-0694,バックアップからの復元訓練の現場からの報告 — みなと企画室 [JEV-0694],T14,バックアップからの復元訓練,S09,みなと企画室,18,1,1,0,0,0,518,2026-08-14 19:00:00,Draft,dbf7710179b4cdb6505c14738c52120db4c4809408ea060f0105799cde5e0d03
JEV-0695,jev-demo-0695,バックアップからの復元訓練の取り組みのメモ — しおり運用室 [JEV-0695],T14,バックアップからの復元訓練,S09,しおり運用室,25,1,1,0,0,0,523,2024-10-29 06:00:00,Draft,47b5b97ded749bc67b315e50e66f856df44ffad8b65eb306faaf4a093c969397
JEV-0696,jev-demo-0696,バックアップからの復元訓練の運用ノート — あさぎ情報室 [JEV-0696],T14,バックアップからの復元訓練,S10,あさぎ情報室,4,1,0,0,0,0,508,2025-08-29 01:00:00,Draft,da2a9396a908cbaacf12ddcede6506906d58314b0fcee377d68c04a120aec2d8
JEV-0697,jev-demo-0697,バックアップからの復元訓練の担当者の記録 — つむぎ広報室 [JEV-0697],T14,バックアップからの復元訓練,S10,つむぎ広報室,7,1,0,0,0,0,516,2026-06-28 20:00:00,Draft,c030d92df31649ef7f1cb32de72ca6c9cf734f3ca2b755bbff63fefb79aed2e0
JEV-0698,jev-demo-0698,バックアップからの復元訓練の作業日誌 — こもれび制作室 [JEV-0698],T14,バックアップからの復元訓練,S10,こもれび制作室,12,1,0,0,0,0,517,2024-09-12 07:00:00,Draft,1674289a50d9c1722ecf2205b0255858eb08950bbd0d60decd8c1fd1cc7b360d
JEV-0699,jev-demo-0699,バックアップからの復元訓練の現場からの報告 — みなと企画室 [JEV-0699],T14,バックアップからの復元訓練,S10,みなと企画室,18,1,0,0,0,0,521,2025-07-13 02:00:00,Draft,fc2e16600b66263cde7ba5c84f5f7f3650405fc1b1e4c291d50c1e6635542d00
JEV-0700,jev-demo-0700,バックアップからの復元訓練の取り組みのメモ — しおり運用室 [JEV-0700],T14,バックアップからの復元訓練,S10,しおり運用室,25,1,0,0,0,0,526,2026-05-12 21:00:00,Draft,5bf8cfd0ab74d82d1b4ff72c3a5741b3ccb0aee9b4d7ef83a03f234882344b81
JEV-0701,jev-demo-0701,サイトのアクセス分析の運用ノート — あさぎ情報室 [JEV-0701],T15,サイトのアクセス分析,S01,あさぎ情報室,4,1,1,1,1,0,591,2024-07-27 08:00:00,Draft,ee8c6a3e862bcde0218f52478dc87280bb10aae0bbaf1bd935d74df1b3388952
JEV-0702,jev-demo-0702,サイトのアクセス分析の担当者の記録 — つむぎ広報室 [JEV-0702],T15,サイトのアクセス分析,S01,つむぎ広報室,7,1,1,1,1,0,599,2025-05-27 03:00:00,Draft,b35f4e46268e6ae0ae4b0ef23d1298c583bc5517634505e16c1102f691ce2065
JEV-0703,jev-demo-0703,サイトのアクセス分析の作業日誌 — こもれび制作室 [JEV-0703],T15,サイトのアクセス分析,S01,こもれび制作室,12,1,1,1,1,0,600,2026-03-26 22:00:00,Draft,539f77c6ae0b5716c9217dc21e04827d059f7d7a49e22e31ce02ea7b2bad1c3b
JEV-0704,jev-demo-0704,サイトのアクセス分析の現場からの報告 — みなと企画室 [JEV-0704],T15,サイトのアクセス分析,S01,みなと企画室,18,1,1,1,1,0,604,2024-06-10 09:00:00,Draft,e8c96e6d49caa005818e520092cde70eed42680757966dc9a4ea60581ebe19bc
JEV-0705,jev-demo-0705,サイトのアクセス分析の取り組みのメモ — しおり運用室 [JEV-0705],T15,サイトのアクセス分析,S01,しおり運用室,25,1,1,1,1,0,609,2025-04-10 04:00:00,Draft,d208db472f784786f9e7536709fd2ad5cd0de3eb5373646411140a5e7144ede4
JEV-0706,jev-demo-0706,サイトのアクセス分析の運用ノート — あさぎ情報室 [JEV-0706],T15,サイトのアクセス分析,S02,あさぎ情報室,4,1,1,1,0,0,532,2026-02-07 23:00:00,Draft,5d5519c90d0ba026915f49604357ba3005ee47a70887ef0c3272e39f3b9ad11e
JEV-0707,jev-demo-0707,サイトのアクセス分析の担当者の記録 — つむぎ広報室 [JEV-0707],T15,サイトのアクセス分析,S02,つむぎ広報室,7,1,1,1,0,0,540,2024-04-24 10:00:00,Draft,836934a6238d35c89a7d3795f40a23734cebe3d00017293378bba2caf0250fac
JEV-0708,jev-demo-0708,サイトのアクセス分析の作業日誌 — こもれび制作室 [JEV-0708],T15,サイトのアクセス分析,S02,こもれび制作室,12,1,1,1,0,0,541,2025-02-22 05:00:00,Draft,52f9a3c9bb24e61cab29691d745746bcf2d5baab79c2374b9d4e1cd033c36034
JEV-0709,jev-demo-0709,サイトのアクセス分析の現場からの報告 — みなと企画室 [JEV-0709],T15,サイトのアクセス分析,S02,みなと企画室,18,1,1,1,0,0,545,2025-12-23 00:00:00,Draft,20519e4a559e3ee4c0d8d308b3d6925f113978e939ff7b92c4d9d7a1529eb039
JEV-0710,jev-demo-0710,サイトのアクセス分析の取り組みのメモ — しおり運用室 [JEV-0710],T15,サイトのアクセス分析,S02,しおり運用室,25,1,1,1,0,0,550,2024-03-08 11:00:00,Draft,a93beb09871c4f8edfc766913a1a241cbe0c8eb4cf99cd1bd8811b23f5c8f85c
JEV-0711,jev-demo-0711,サイトのアクセス分析の運用ノート — あさぎ情報室 [JEV-0711],T15,サイトのアクセス分析,S03,あさぎ情報室,4,1,0,0,0,0,438,2025-01-06 06:00:00,Draft,215caa0bcf7bc212969124964f7bbc368df6596dc4df7f74bc55571880a417e0
JEV-0712,jev-demo-0712,サイトのアクセス分析の担当者の記録 — つむぎ広報室 [JEV-0712],T15,サイトのアクセス分析,S03,つむぎ広報室,7,1,0,0,0,0,446,2025-11-06 01:00:00,Draft,da314e78ba642a3b2b95fb3a9ebc928cd375ab931088351e7356bda65d01e8ff
JEV-0713,jev-demo-0713,サイトのアクセス分析の作業日誌 — こもれび制作室 [JEV-0713],T15,サイトのアクセス分析,S03,こもれび制作室,12,1,0,0,0,0,447,2024-01-21 12:00:00,Draft,dc0b52cea3c37385f2bbff642b00f5c9e6ead8da3b83c1ff63a7d9b4f96ec4c6
JEV-0714,jev-demo-0714,サイトのアクセス分析の現場からの報告 — みなと企画室 [JEV-0714],T15,サイトのアクセス分析,S03,みなと企画室,18,1,0,0,0,0,451,2024-11-20 07:00:00,Draft,ad83b70752e128ba5f7e3bea9e4c4c075e8b4fbe16a41a4d65e659c98784a77f
JEV-0715,jev-demo-0715,サイトのアクセス分析の取り組みのメモ — しおり運用室 [JEV-0715],T15,サイトのアクセス分析,S03,しおり運用室,25,1,0,0,0,0,456,2025-09-20 02:00:00,Draft,9f3a52ce0a1604e672f73e6a969b797a6de6fedec41a888d1af01f704ab9f572
JEV-0716,jev-demo-0716,サイトのアクセス分析の運用ノート — あさぎ情報室 [JEV-0716],T15,サイトのアクセス分析,S04,あさぎ情報室,4,0,0,0,0,0,537,2026-07-20 21:00:00,Draft,5c110e756ce65a88c9ebed42b67d9c933a75eb600c3a8de922a3f614ed0de5f8
JEV-0717,jev-demo-0717,サイトのアクセス分析の担当者の記録 — つむぎ広報室 [JEV-0717],T15,サイトのアクセス分析,S04,つむぎ広報室,7,0,0,0,0,0,545,2024-10-04 08:00:00,Draft,4bc11ac4f2ed9e97c47c7c638eeb372da10fdc2b33072a03f1ea815f8fda98f3
JEV-0718,jev-demo-0718,サイトのアクセス分析の作業日誌 — こもれび制作室 [JEV-0718],T15,サイトのアクセス分析,S04,こもれび制作室,12,0,0,0,0,0,546,2025-08-04 03:00:00,Draft,cbb998edf3b13ef9feaf8da627a192e339c884b5bcf2750b4da6b52ce6900cb5
JEV-0719,jev-demo-0719,サイトのアクセス分析の現場からの報告 — みなと企画室 [JEV-0719],T15,サイトのアクセス分析,S04,みなと企画室,18,0,0,0,0,0,550,2026-06-03 22:00:00,Draft,8cad533bbd80972ae645a141e862383b13984855acbfc684e9434e2a0f7f03be
JEV-0720,jev-demo-0720,サイトのアクセス分析の取り組みのメモ — しおり運用室 [JEV-0720],T15,サイトのアクセス分析,S04,しおり運用室,25,0,0,0,0,0,555,2024-08-18 09:00:00,Draft,a799e7a059fd53acf14d8a662757e1747fdf28aa6d3d391b019144c87d8c7528
JEV-0721,jev-demo-0721,サイトのアクセス分析の運用ノート — あさぎ情報室 [JEV-0721],T15,サイトのアクセス分析,S05,あさぎ情報室,4,0,0,0,1,0,516,2025-06-18 04:00:00,Draft,6df29b84b39f9e7236c3faaa0102082e26063db2247415a722f8efc27694551e
JEV-0722,jev-demo-0722,サイトのアクセス分析の担当者の記録 — つむぎ広報室 [JEV-0722],T15,サイトのアクセス分析,S05,つむぎ広報室,7,0,0,0,1,0,526,2026-04-17 23:00:00,Draft,e6ab67c9cdaa5eb8bc9e90428a9d8f46a2d12625cff31187ddb611ca3417367b
JEV-0723,jev-demo-0723,サイトのアクセス分析の作業日誌 — こもれび制作室 [JEV-0723],T15,サイトのアクセス分析,S05,こもれび制作室,12,0,0,0,1,0,528,2024-07-02 10:00:00,Draft,c5355b9671dc04e349cbaeafe8d391ebd576c5b338d2b85492fb99c152f373b3
JEV-0724,jev-demo-0724,サイトのアクセス分析の現場からの報告 — みなと企画室 [JEV-0724],T15,サイトのアクセス分析,S05,みなと企画室,18,0,0,0,1,0,531,2025-05-02 05:00:00,Draft,fa093ff7ea76901ef9c597c20112468932571051be554cf3b3b4b62138eebf39
JEV-0725,jev-demo-0725,サイトのアクセス分析の取り組みのメモ — しおり運用室 [JEV-0725],T15,サイトのアクセス分析,S05,しおり運用室,25,0,0,0,1,0,538,2026-03-02 00:00:00,Draft,6053244cc5d0a347a80adc67b7b61970285bb6221b1b48cfb23856b21dcc0edb
JEV-0726,jev-demo-0726,サイトのアクセス分析の運用ノート — あさぎ情報室 [JEV-0726],T15,サイトのアクセス分析,S06,あさぎ情報室,4,1,0,0,1,0,497,2024-05-16 11:00:00,Draft,0b24b7f214c87a30ae259b48c786bf3d55c7cb70059aa91709e18037e71ee2b5
JEV-0727,jev-demo-0727,サイトのアクセス分析の担当者の記録 — つむぎ広報室 [JEV-0727],T15,サイトのアクセス分析,S06,つむぎ広報室,7,1,0,0,1,0,505,2025-03-16 06:00:00,Draft,4fb6775d9d62d95e93843f2cfce814ebeafa292ede05d6e4ac12fe6a57cdda24
JEV-0728,jev-demo-0728,サイトのアクセス分析の作業日誌 — こもれび制作室 [JEV-0728],T15,サイトのアクセス分析,S06,こもれび制作室,12,1,0,0,1,0,506,2026-01-14 01:00:00,Draft,ecd5e6c121b27112d3530f1ab5ed394e019776fc03417bf30e1a7789749f73d8
JEV-0729,jev-demo-0729,サイトのアクセス分析の現場からの報告 — みなと企画室 [JEV-0729],T15,サイトのアクセス分析,S06,みなと企画室,18,1,0,0,1,0,510,2024-03-30 12:00:00,Draft,fe942d5c36575e948914c7c7ec9c7b16ad4e215a5478ac7c92974ff3715fd121
JEV-0730,jev-demo-0730,サイトのアクセス分析の取り組みのメモ — しおり運用室 [JEV-0730],T15,サイトのアクセス分析,S06,しおり運用室,25,1,0,0,1,0,515,2025-01-28 07:00:00,Draft,94e64bdb1dfdad78a095de1fb07fdbaeb17f87a31a060e662be462d546d61932
JEV-0731,jev-demo-0731,サイトのアクセス分析の運用ノート — あさぎ情報室 [JEV-0731],T15,サイトのアクセス分析,S07,あさぎ情報室,4,1,0,0,1,1,497,2025-11-28 02:00:00,Draft,7034f34cb45d29df35a4d0db3533d9782227e2274698af2635784390bdc81e7f
JEV-0732,jev-demo-0732,サイトのアクセス分析の担当者の記録 — つむぎ広報室 [JEV-0732],T15,サイトのアクセス分析,S07,つむぎ広報室,7,1,0,0,1,1,505,2024-02-12 13:00:00,Draft,8d578cef66930e9520346b9077875df0995d87316a936427eb4dfb82707f6ccd
JEV-0733,jev-demo-0733,サイトのアクセス分析の作業日誌 — こもれび制作室 [JEV-0733],T15,サイトのアクセス分析,S07,こもれび制作室,12,1,0,0,1,1,506,2024-12-12 08:00:00,Draft,576c98da96595791951c219e696367d65159b55daa4c277d18ea1393ee88d8af
JEV-0734,jev-demo-0734,サイトのアクセス分析の現場からの報告 — みなと企画室 [JEV-0734],T15,サイトのアクセス分析,S07,みなと企画室,18,1,0,0,1,1,510,2025-10-12 03:00:00,Draft,deba796a7b31b403129b000a2f9378d1c3c718cc8561d0cf72aad623752874ab
JEV-0735,jev-demo-0735,サイトのアクセス分析の取り組みのメモ — しおり運用室 [JEV-0735],T15,サイトのアクセス分析,S07,しおり運用室,25,1,0,0,1,1,515,2026-08-11 22:00:00,Draft,c3028e5692168c0ff3537f60180e25de2ce067a1ba344e727b042fddf1957c03
JEV-0736,jev-demo-0736,サイトのアクセス分析の運用ノート — あさぎ情報室 [JEV-0736],T15,サイトのアクセス分析,S08,あさぎ情報室,4,1,1,1,0,0,555,2024-10-26 09:00:00,Draft,b6960fff94a80d97afbd75832e1c527f84f4d3a2cccdd92db2b613092dbc7315
JEV-0737,jev-demo-0737,サイトのアクセス分析の担当者の記録 — つむぎ広報室 [JEV-0737],T15,サイトのアクセス分析,S08,つむぎ広報室,7,1,1,1,0,0,563,2025-08-26 04:00:00,Draft,553caa8fde8f923ed3bb23f5fde7580e2dad453738bc43f32556cf7106fb6adb
JEV-0738,jev-demo-0738,サイトのアクセス分析の作業日誌 — こもれび制作室 [JEV-0738],T15,サイトのアクセス分析,S08,こもれび制作室,12,1,1,1,0,0,564,2026-06-25 23:00:00,Draft,089d39d67b63a73980cca80adbd3b083b468f8d53daeb578f0a1cffa66965ef1
JEV-0739,jev-demo-0739,サイトのアクセス分析の現場からの報告 — みなと企画室 [JEV-0739],T15,サイトのアクセス分析,S08,みなと企画室,18,1,1,1,0,0,568,2024-09-09 10:00:00,Draft,d0f65c24b004afebfbe83a27048997fed917a22ef6baf9aeaebe21a048152f9c
JEV-0740,jev-demo-0740,サイトのアクセス分析の取り組みのメモ — しおり運用室 [JEV-0740],T15,サイトのアクセス分析,S08,しおり運用室,25,1,1,1,0,0,573,2025-07-10 05:00:00,Draft,11ff60ea6eee555682f5aa77f381b2df58cf9983124d7539331d19f8ccb25b05
JEV-0741,jev-demo-0741,サイトのアクセス分析の運用ノート — あさぎ情報室 [JEV-0741],T15,サイトのアクセス分析,S09,あさぎ情報室,4,1,1,0,0,0,508,2026-05-10 00:00:00,Draft,ba935d3c13f73b758ddb1bf810ab22020c3cf8292d81b63fc48c52998d3639d0
JEV-0742,jev-demo-0742,サイトのアクセス分析の担当者の記録 — つむぎ広報室 [JEV-0742],T15,サイトのアクセス分析,S09,つむぎ広報室,7,1,1,0,0,0,516,2024-07-24 11:00:00,Draft,7149e1668c27bc232946d05254d793e48c73b32f8d6cb41e93081cc3a954ea91
JEV-0743,jev-demo-0743,サイトのアクセス分析の作業日誌 — こもれび制作室 [JEV-0743],T15,サイトのアクセス分析,S09,こもれび制作室,12,1,1,0,0,0,517,2025-05-24 06:00:00,Draft,0f4eb0064880dcf2025629a3a9f966fcd971c0ade787ef24e3c1eb87fb567a24
JEV-0744,jev-demo-0744,サイトのアクセス分析の現場からの報告 — みなと企画室 [JEV-0744],T15,サイトのアクセス分析,S09,みなと企画室,18,1,1,0,0,0,521,2026-03-24 01:00:00,Draft,0c8bbb8bfab97930491996cdfb9f537ccd15df19115a79c9d1fca6884ddd91f2
JEV-0745,jev-demo-0745,サイトのアクセス分析の取り組みのメモ — しおり運用室 [JEV-0745],T15,サイトのアクセス分析,S09,しおり運用室,25,1,1,0,0,0,526,2024-06-07 12:00:00,Draft,f185d48dd6de3273cce25baf95dedf9c8efcbebf13c893043c4f345efbe159fc
JEV-0746,jev-demo-0746,サイトのアクセス分析の運用ノート — あさぎ情報室 [JEV-0746],T15,サイトのアクセス分析,S10,あさぎ情報室,4,1,0,0,0,0,506,2025-04-07 07:00:00,Draft,e9569951b82ca8a6481c185c54f119d65685ba9ac65d6dbca82e26e1fc6d0134
JEV-0747,jev-demo-0747,サイトのアクセス分析の担当者の記録 — つむぎ広報室 [JEV-0747],T15,サイトのアクセス分析,S10,つむぎ広報室,7,1,0,0,0,0,514,2026-02-05 02:00:00,Draft,4e11c679c408a06e5a067675d5becf6fe5a61f3c5de830b3ef09a870fd9ce311
JEV-0748,jev-demo-0748,サイトのアクセス分析の作業日誌 — こもれび制作室 [JEV-0748],T15,サイトのアクセス分析,S10,こもれび制作室,12,1,0,0,0,0,515,2024-04-21 13:00:00,Draft,b48df303970082ca3516d1287354904cab41dca5cd29ba6e08ed1af33fccc797
JEV-0749,jev-demo-0749,サイトのアクセス分析の現場からの報告 — みなと企画室 [JEV-0749],T15,サイトのアクセス分析,S10,みなと企画室,18,1,0,0,0,0,519,2025-02-19 08:00:00,Draft,c2513029b207a377a4d33c3f2d8034ce52df7e43dda7ac069685439a3271c5c4
JEV-0750,jev-demo-0750,サイトのアクセス分析の取り組みのメモ — しおり運用室 [JEV-0750],T15,サイトのアクセス分析,S10,しおり運用室,25,1,0,0,0,0,524,2025-12-20 03:00:00,Draft,dcb3e81e5df01312f6dac20bbe58063dca78c3e1b13182ba1c29fbe7b72305d9
JEV-0751,jev-demo-0751,APIを使ったデータ連携の運用ノート — あさぎ情報室 [JEV-0751],T16,APIを使ったデータ連携,S01,あさぎ情報室,4,1,1,1,1,0,592,2024-03-05 14:00:00,Draft,983eb7ef24cc160e5e233836b772a01a78f8613f7ba74050d3def6ac79cd80b6
JEV-0752,jev-demo-0752,APIを使ったデータ連携の担当者の記録 — つむぎ広報室 [JEV-0752],T16,APIを使ったデータ連携,S01,つむぎ広報室,7,1,1,1,1,0,600,2025-01-03 09:00:00,Draft,214dc44dae62c4548eb8f3297504e37d24c5183712902eb9476635c9a06613bf
JEV-0753,jev-demo-0753,APIを使ったデータ連携の作業日誌 — こもれび制作室 [JEV-0753],T16,APIを使ったデータ連携,S01,こもれび制作室,12,1,1,1,1,0,601,2025-11-03 04:00:00,Draft,10e8d600a28478a536c75c97aace062709eef73e88f1828fb87859179b0fc3b8
JEV-0754,jev-demo-0754,APIを使ったデータ連携の現場からの報告 — みなと企画室 [JEV-0754],T16,APIを使ったデータ連携,S01,みなと企画室,18,1,1,1,1,0,605,2024-01-18 15:00:00,Draft,343f2ee63c54593b230fa5553b1abda1dc7af480c970f92c9a927dbc560e37b5
JEV-0755,jev-demo-0755,APIを使ったデータ連携の取り組みのメモ — しおり運用室 [JEV-0755],T16,APIを使ったデータ連携,S01,しおり運用室,25,1,1,1,1,0,610,2024-11-17 10:00:00,Draft,1b7a6f58970195bab42c136f56604c5f5690e2707d992fcfdbbb4f7bdfaaa4d7
JEV-0756,jev-demo-0756,APIを使ったデータ連携の運用ノート — あさぎ情報室 [JEV-0756],T16,APIを使ったデータ連携,S02,あさぎ情報室,4,1,1,1,0,0,533,2025-09-17 05:00:00,Draft,4d2e43215aa1d25c11bef5737f46c007b969b76925b09da6dae3b0ea8c61ecb9
JEV-0757,jev-demo-0757,APIを使ったデータ連携の担当者の記録 — つむぎ広報室 [JEV-0757],T16,APIを使ったデータ連携,S02,つむぎ広報室,7,1,1,1,0,0,541,2026-07-18 00:00:00,Draft,65a3eaa8530809815465b2fbea25e51dd339ccd74b18e431568077b75cded97e
JEV-0758,jev-demo-0758,APIを使ったデータ連携の作業日誌 — こもれび制作室 [JEV-0758],T16,APIを使ったデータ連携,S02,こもれび制作室,12,1,1,1,0,0,542,2024-10-01 11:00:00,Draft,3e0a1925ae04782b2ed46780341259026a289b1788d7d6148bafdc208d0a25c9
JEV-0759,jev-demo-0759,APIを使ったデータ連携の現場からの報告 — みなと企画室 [JEV-0759],T16,APIを使ったデータ連携,S02,みなと企画室,18,1,1,1,0,0,546,2025-08-01 06:00:00,Draft,11f2b5ae6f1875f0d4cdf3415d8480b5b0d6a8858fc9e268a90f978710f1cad0
JEV-0760,jev-demo-0760,APIを使ったデータ連携の取り組みのメモ — しおり運用室 [JEV-0760],T16,APIを使ったデータ連携,S02,しおり運用室,25,1,1,1,0,0,551,2026-06-01 01:00:00,Draft,65a039de53d930acd665674e27c1a4aa8329cc56cd32a1857eccef807d90505c
JEV-0761,jev-demo-0761,APIを使ったデータ連携の運用ノート — あさぎ情報室 [JEV-0761],T16,APIを使ったデータ連携,S03,あさぎ情報室,4,1,0,0,0,0,437,2024-08-15 12:00:00,Draft,7652c219c349759d22a7fc3872698087d93683b9aed75c1a1f011c8da69f6475
JEV-0762,jev-demo-0762,APIを使ったデータ連携の担当者の記録 — つむぎ広報室 [JEV-0762],T16,APIを使ったデータ連携,S03,つむぎ広報室,7,1,0,0,0,0,445,2025-06-15 07:00:00,Draft,e2fefd1ffdbd2257e4295549f18a7fc58571992ac9b259dc96a42acfac052e47
JEV-0763,jev-demo-0763,APIを使ったデータ連携の作業日誌 — こもれび制作室 [JEV-0763],T16,APIを使ったデータ連携,S03,こもれび制作室,12,1,0,0,0,0,446,2026-04-15 02:00:00,Draft,cb31817174fd43a295dc8ed8bb9bcade96329901b01c64265955e15c6f1d8bb9
JEV-0764,jev-demo-0764,APIを使ったデータ連携の現場からの報告 — みなと企画室 [JEV-0764],T16,APIを使ったデータ連携,S03,みなと企画室,18,1,0,0,0,0,450,2024-06-29 13:00:00,Draft,591d5cc720a41ae5f0e7258d9511fad2f0a4435eca8cac57e16a00c10caabc04
JEV-0765,jev-demo-0765,APIを使ったデータ連携の取り組みのメモ — しおり運用室 [JEV-0765],T16,APIを使ったデータ連携,S03,しおり運用室,25,1,0,0,0,0,455,2025-04-29 08:00:00,Draft,8a45bbe1555dd5ee5915a612390445c48358a8525abe3d7f53a8b7f4bd74b536
JEV-0766,jev-demo-0766,APIを使ったデータ連携の運用ノート — あさぎ情報室 [JEV-0766],T16,APIを使ったデータ連携,S04,あさぎ情報室,4,0,0,0,0,0,538,2026-02-27 03:00:00,Draft,ba4e237c88aec0de820f7994a6270054edc7ebd6e327e2816c774cf271cfb3a7
JEV-0767,jev-demo-0767,APIを使ったデータ連携の担当者の記録 — つむぎ広報室 [JEV-0767],T16,APIを使ったデータ連携,S04,つむぎ広報室,7,0,0,0,0,0,546,2024-05-13 14:00:00,Draft,0920c1120d62e0cf86fc0c249aba5726f52a5bf46839ceeba1a8fe506818d89f
JEV-0768,jev-demo-0768,APIを使ったデータ連携の作業日誌 — こもれび制作室 [JEV-0768],T16,APIを使ったデータ連携,S04,こもれび制作室,12,0,0,0,0,0,547,2025-03-13 09:00:00,Draft,f34603d3f497ce23ae2b3604a5d06ec424c7284452ac09ab45aac3c5887e34dc
JEV-0769,jev-demo-0769,APIを使ったデータ連携の現場からの報告 — みなと企画室 [JEV-0769],T16,APIを使ったデータ連携,S04,みなと企画室,18,0,0,0,0,0,551,2026-01-11 04:00:00,Draft,a0ca09cd88f1b9a5cac169df662fb5525d43a9849116a080c331e52387adacff
JEV-0770,jev-demo-0770,APIを使ったデータ連携の取り組みのメモ — しおり運用室 [JEV-0770],T16,APIを使ったデータ連携,S04,しおり運用室,25,0,0,0,0,0,556,2024-03-27 15:00:00,Draft,18765d310a3eded06522a6bebd40e40b1d641c6e9c4b997b027c08b5a0ab0c24
JEV-0771,jev-demo-0771,APIを使ったデータ連携の運用ノート — あさぎ情報室 [JEV-0771],T16,APIを使ったデータ連携,S05,あさぎ情報室,4,0,0,0,1,0,515,2025-01-25 10:00:00,Draft,ed53d06ee670c9b6923f7773e66dcd60501827e2f55517b691c9ac988175d7ea
JEV-0772,jev-demo-0772,APIを使ったデータ連携の担当者の記録 — つむぎ広報室 [JEV-0772],T16,APIを使ったデータ連携,S05,つむぎ広報室,7,0,0,0,1,0,525,2025-11-25 05:00:00,Draft,6bcae8dc4ed2e82897e6675c9856eb34f0d637ab6b25be350294aa0ac2e0731f
JEV-0773,jev-demo-0773,APIを使ったデータ連携の作業日誌 — こもれび制作室 [JEV-0773],T16,APIを使ったデータ連携,S05,こもれび制作室,12,0,0,0,1,0,527,2024-02-09 16:00:00,Draft,6184a4635e405aaef40c52110fca88eef79fabf58cac7c21239e244e5607fa24
JEV-0774,jev-demo-0774,APIを使ったデータ連携の現場からの報告 — みなと企画室 [JEV-0774],T16,APIを使ったデータ連携,S05,みなと企画室,18,0,0,0,1,0,530,2024-12-09 11:00:00,Draft,c02a5f5f9da714e07447343ab5195e4da50ae1da910c614aee55be31d04e3ef0
JEV-0775,jev-demo-0775,APIを使ったデータ連携の取り組みのメモ — しおり運用室 [JEV-0775],T16,APIを使ったデータ連携,S05,しおり運用室,25,0,0,0,1,0,537,2025-10-09 06:00:00,Draft,1ed579d9a95301a0dfbece628cbbca33053e23f5f1d62a87f9e1a13892161083
JEV-0776,jev-demo-0776,APIを使ったデータ連携の運用ノート — あさぎ情報室 [JEV-0776],T16,APIを使ったデータ連携,S06,あさぎ情報室,4,1,0,0,1,0,496,2026-08-09 01:00:00,Draft,42a26fa021f288c308e1e61dca32a46c049f47b30bd53cc67008cb02d9cfaf55
JEV-0777,jev-demo-0777,APIを使ったデータ連携の担当者の記録 — つむぎ広報室 [JEV-0777],T16,APIを使ったデータ連携,S06,つむぎ広報室,7,1,0,0,1,0,504,2024-10-23 12:00:00,Draft,2bc06b43e436def8b2f37165bf777833a57063e114060fa0341a63b905af7877
JEV-0778,jev-demo-0778,APIを使ったデータ連携の作業日誌 — こもれび制作室 [JEV-0778],T16,APIを使ったデータ連携,S06,こもれび制作室,12,1,0,0,1,0,505,2025-08-23 07:00:00,Draft,602bb38ec2bf7cf624186ffa4795e24bb141349757ab497dee9cf1d5182977c5
JEV-0779,jev-demo-0779,APIを使ったデータ連携の現場からの報告 — みなと企画室 [JEV-0779],T16,APIを使ったデータ連携,S06,みなと企画室,18,1,0,0,1,0,509,2026-06-23 02:00:00,Draft,26aef641fa3df13210a462b7b4620029e2644da1de3a5d7c42ae302992d71fa0
JEV-0780,jev-demo-0780,APIを使ったデータ連携の取り組みのメモ — しおり運用室 [JEV-0780],T16,APIを使ったデータ連携,S06,しおり運用室,25,1,0,0,1,0,514,2024-09-06 13:00:00,Draft,bbf356f108cd77a325fad7397a033c61a3c280c0622017b00ae6e856cae3cd8b
JEV-0781,jev-demo-0781,APIを使ったデータ連携の運用ノート — あさぎ情報室 [JEV-0781],T16,APIを使ったデータ連携,S07,あさぎ情報室,4,1,0,0,1,1,496,2025-07-07 08:00:00,Draft,72824b4869c50f02b3079f2bcb569ea99c8565b408803077231b8232f92a682d
JEV-0782,jev-demo-0782,APIを使ったデータ連携の担当者の記録 — つむぎ広報室 [JEV-0782],T16,APIを使ったデータ連携,S07,つむぎ広報室,7,1,0,0,1,1,504,2026-05-07 03:00:00,Draft,d251d213f936cca44bf93e1729afb4bea2c582793e90169ad3489a4d6366531e
JEV-0783,jev-demo-0783,APIを使ったデータ連携の作業日誌 — こもれび制作室 [JEV-0783],T16,APIを使ったデータ連携,S07,こもれび制作室,12,1,0,0,1,1,505,2024-07-21 14:00:00,Draft,65851e32769abf7ad7a43fb5d7a42a8bade995c0c32594b456860d88e7c387f2
JEV-0784,jev-demo-0784,APIを使ったデータ連携の現場からの報告 — みなと企画室 [JEV-0784],T16,APIを使ったデータ連携,S07,みなと企画室,18,1,0,0,1,1,509,2025-05-21 09:00:00,Draft,1bf295bab94750ca51299e08ddb0e0d7a07f7ebbb9999435611909566cdda8b8
JEV-0785,jev-demo-0785,APIを使ったデータ連携の取り組みのメモ — しおり運用室 [JEV-0785],T16,APIを使ったデータ連携,S07,しおり運用室,25,1,0,0,1,1,514,2026-03-21 04:00:00,Draft,5b03d035666b9ebee344b81caf0204b44421fea65299cb4c57339e6205d73574
JEV-0786,jev-demo-0786,APIを使ったデータ連携の運用ノート — あさぎ情報室 [JEV-0786],T16,APIを使ったデータ連携,S08,あさぎ情報室,4,1,1,1,0,0,556,2024-06-04 15:00:00,Draft,0831383963c56eb2dd0ce80d671e23fc940b931f1f9538d0f808b2b5c2b08637
JEV-0787,jev-demo-0787,APIを使ったデータ連携の担当者の記録 — つむぎ広報室 [JEV-0787],T16,APIを使ったデータ連携,S08,つむぎ広報室,7,1,1,1,0,0,564,2025-04-04 10:00:00,Draft,7884ca2a36693d814671dbc66482787ec746f679ca75bea5708664e4d0dd0072
JEV-0788,jev-demo-0788,APIを使ったデータ連携の作業日誌 — こもれび制作室 [JEV-0788],T16,APIを使ったデータ連携,S08,こもれび制作室,12,1,1,1,0,0,565,2026-02-02 05:00:00,Draft,518a91b0f625687e4819a18c58a7cd545db021b7473d129db716b412bbedfb4d
JEV-0789,jev-demo-0789,APIを使ったデータ連携の現場からの報告 — みなと企画室 [JEV-0789],T16,APIを使ったデータ連携,S08,みなと企画室,18,1,1,1,0,0,569,2024-04-18 16:00:00,Draft,d38f204d5ba635722381a8c2848865b277276bce94f7bfa62d9bb522219f77ab
JEV-0790,jev-demo-0790,APIを使ったデータ連携の取り組みのメモ — しおり運用室 [JEV-0790],T16,APIを使ったデータ連携,S08,しおり運用室,25,1,1,1,0,0,574,2025-02-16 11:00:00,Draft,7dedfd08dd6d43b2f886612e48f355e68b0bffd52d3fc43fecd9d4e10d33d732
JEV-0791,jev-demo-0791,APIを使ったデータ連携の運用ノート — あさぎ情報室 [JEV-0791],T16,APIを使ったデータ連携,S09,あさぎ情報室,4,1,1,0,0,0,500,2025-12-17 06:00:00,Draft,aa4fc58923013d413c7f22f9d1e9a3b3b9d0fa29c7ad106a492c60ef16e8b8f8
JEV-0792,jev-demo-0792,APIを使ったデータ連携の担当者の記録 — つむぎ広報室 [JEV-0792],T16,APIを使ったデータ連携,S09,つむぎ広報室,7,1,1,0,0,0,508,2024-03-02 17:00:00,Draft,50929b9179572699b5f6b5e3107c6293200c2d5a929e03cbd567c08083bc4a4f
JEV-0793,jev-demo-0793,APIを使ったデータ連携の作業日誌 — こもれび制作室 [JEV-0793],T16,APIを使ったデータ連携,S09,こもれび制作室,12,1,1,0,0,0,509,2024-12-31 12:00:00,Draft,ebc5c47e736ea4160bd0d06b7b7cce8368936f1ad5d7a1b3a0f73dbc55bcb675
JEV-0794,jev-demo-0794,APIを使ったデータ連携の現場からの報告 — みなと企画室 [JEV-0794],T16,APIを使ったデータ連携,S09,みなと企画室,18,1,1,0,0,0,513,2025-10-31 07:00:00,Draft,99fd79e16972f6212ee2040c5b8e34ffc1358105f5cc775d38c0b45fc81f3bfa
JEV-0795,jev-demo-0795,APIを使ったデータ連携の取り組みのメモ — しおり運用室 [JEV-0795],T16,APIを使ったデータ連携,S09,しおり運用室,25,1,1,0,0,0,518,2024-01-15 18:00:00,Draft,21d7a00e9ffa03b02ac9548a593e70b515393ece530c7224e3b438239af1cc27
JEV-0796,jev-demo-0796,APIを使ったデータ連携の運用ノート — あさぎ情報室 [JEV-0796],T16,APIを使ったデータ連携,S10,あさぎ情報室,4,1,0,0,0,0,504,2024-11-14 13:00:00,Draft,5a0354aa966fefb2e82bfe42ca3563d91c6b9ad2b5c326fe4ebb077d1cbd1603
JEV-0797,jev-demo-0797,APIを使ったデータ連携の担当者の記録 — つむぎ広報室 [JEV-0797],T16,APIを使ったデータ連携,S10,つむぎ広報室,7,1,0,0,0,0,512,2025-09-14 08:00:00,Draft,059da35d720f32342da5cc425f5a706e94c61bf230ef27f72f9145573e505dea
JEV-0798,jev-demo-0798,APIを使ったデータ連携の作業日誌 — こもれび制作室 [JEV-0798],T16,APIを使ったデータ連携,S10,こもれび制作室,12,1,0,0,0,0,513,2026-07-15 03:00:00,Draft,094959f6f6c99820823fa73bb04c47975a781c3ef2059465046faefb1c0ebc1d
JEV-0799,jev-demo-0799,APIを使ったデータ連携の現場からの報告 — みなと企画室 [JEV-0799],T16,APIを使ったデータ連携,S10,みなと企画室,18,1,0,0,0,0,517,2024-09-28 14:00:00,Draft,4ca77ddebb4976b3ce9a159f0fb1432384f1d66ea76b869d893496293d9d0cd5
JEV-0800,jev-demo-0800,APIを使ったデータ連携の取り組みのメモ — しおり運用室 [JEV-0800],T16,APIを使ったデータ連携,S10,しおり運用室,25,1,0,0,0,0,522,2025-07-29 09:00:00,Draft,fa24cf69f35e6517326abd4f88f2f4fe7bd1e3e014c3276f12255af954bd1e8b
JEV-0801,jev-demo-0801,テレワーク用ナレッジ共有の運用ノート — あさぎ情報室 [JEV-0801],T17,テレワーク用ナレッジ共有,S01,あさぎ情報室,4,1,1,1,1,0,598,2026-05-29 04:00:00,Draft,108325127373607f1924cb62e4e264e3e4627899e0fe967ea02555e0dde2cad2
JEV-0802,jev-demo-0802,テレワーク用ナレッジ共有の担当者の記録 — つむぎ広報室 [JEV-0802],T17,テレワーク用ナレッジ共有,S01,つむぎ広報室,7,1,1,1,1,0,606,2024-08-12 15:00:00,Draft,2b42ab13c15694fa42fd420c3f31b96af27e4bfce30dc1134121f8f7cd8353fc
JEV-0803,jev-demo-0803,テレワーク用ナレッジ共有の作業日誌 — こもれび制作室 [JEV-0803],T17,テレワーク用ナレッジ共有,S01,こもれび制作室,12,1,1,1,1,0,607,2025-06-12 10:00:00,Draft,ee24f0a3985dde4a54d7ffc75671804f1353b96b21eb517032b6c160ba3b007a
JEV-0804,jev-demo-0804,テレワーク用ナレッジ共有の現場からの報告 — みなと企画室 [JEV-0804],T17,テレワーク用ナレッジ共有,S01,みなと企画室,18,1,1,1,1,0,611,2026-04-12 05:00:00,Draft,030b62b621e2ed1a601ed97cba6795c217f252c2532a480a417a73cddaf15497
JEV-0805,jev-demo-0805,テレワーク用ナレッジ共有の取り組みのメモ — しおり運用室 [JEV-0805],T17,テレワーク用ナレッジ共有,S01,しおり運用室,25,1,1,1,1,0,616,2024-06-26 16:00:00,Draft,8e517771d2dc6f8390ca304584b3a8ec58dfc590538b48afd057255bbb517903
JEV-0806,jev-demo-0806,テレワーク用ナレッジ共有の運用ノート — あさぎ情報室 [JEV-0806],T17,テレワーク用ナレッジ共有,S02,あさぎ情報室,4,1,1,1,0,0,539,2025-04-26 11:00:00,Draft,5795daaa25c4f267f9797c15cf9391f29226149b3dccead5efd1b0e2288b0741
JEV-0807,jev-demo-0807,テレワーク用ナレッジ共有の担当者の記録 — つむぎ広報室 [JEV-0807],T17,テレワーク用ナレッジ共有,S02,つむぎ広報室,7,1,1,1,0,0,547,2026-02-24 06:00:00,Draft,1b0fc0063be053b7b4219d67ed0de7624b3ff4529aba0fe15dea3c5f3ef0e504
JEV-0808,jev-demo-0808,テレワーク用ナレッジ共有の作業日誌 — こもれび制作室 [JEV-0808],T17,テレワーク用ナレッジ共有,S02,こもれび制作室,12,1,1,1,0,0,548,2024-05-10 17:00:00,Draft,660c83f1a9343fcf0cacddd2c02b0e887ce2b6f5cbaf21a22693dcd7b54eeedb
JEV-0809,jev-demo-0809,テレワーク用ナレッジ共有の現場からの報告 — みなと企画室 [JEV-0809],T17,テレワーク用ナレッジ共有,S02,みなと企画室,18,1,1,1,0,0,552,2025-03-10 12:00:00,Draft,1f38a0663683dc0d7b22616aa2facf06f18bd21f952db20215c70d4df8a8bb31
JEV-0810,jev-demo-0810,テレワーク用ナレッジ共有の取り組みのメモ — しおり運用室 [JEV-0810],T17,テレワーク用ナレッジ共有,S02,しおり運用室,25,1,1,1,0,0,557,2026-01-08 07:00:00,Draft,7949614e179a0a353b27bc098dedf53107503b0f324677417222e294a5392411
JEV-0811,jev-demo-0811,テレワーク用ナレッジ共有の運用ノート — あさぎ情報室 [JEV-0811],T17,テレワーク用ナレッジ共有,S03,あさぎ情報室,4,1,0,0,0,0,443,2024-03-24 18:00:00,Draft,3d37307d35e9d9a59f4ef8b07f8237f3bd2c872bb23549458d7e776486a78076
JEV-0812,jev-demo-0812,テレワーク用ナレッジ共有の担当者の記録 — つむぎ広報室 [JEV-0812],T17,テレワーク用ナレッジ共有,S03,つむぎ広報室,7,1,0,0,0,0,451,2025-01-22 13:00:00,Draft,35418a312d97a7e8a70150186c30ff054dc269ea66a149324ea00cd9a569aeb4
JEV-0813,jev-demo-0813,テレワーク用ナレッジ共有の作業日誌 — こもれび制作室 [JEV-0813],T17,テレワーク用ナレッジ共有,S03,こもれび制作室,12,1,0,0,0,0,452,2025-11-22 08:00:00,Draft,e216dd082962cd114d26dbcf8a77a1c6bede1c72564faa53383d2915e0b0df7c
JEV-0814,jev-demo-0814,テレワーク用ナレッジ共有の現場からの報告 — みなと企画室 [JEV-0814],T17,テレワーク用ナレッジ共有,S03,みなと企画室,18,1,0,0,0,0,456,2024-02-06 19:00:00,Draft,1cd6541e0d090f35257a15f267853d8e34bcbbbf833f97bd972a5d2d6bcaa409
JEV-0815,jev-demo-0815,テレワーク用ナレッジ共有の取り組みのメモ — しおり運用室 [JEV-0815],T17,テレワーク用ナレッジ共有,S03,しおり運用室,25,1,0,0,0,0,461,2024-12-06 14:00:00,Draft,47a0df33df16c1469876ad21b68f8bc0bb2862c606d49fd459c3d56d1f2f399d
JEV-0816,jev-demo-0816,テレワーク用ナレッジ共有の運用ノート — あさぎ情報室 [JEV-0816],T17,テレワーク用ナレッジ共有,S04,あさぎ情報室,4,0,0,0,0,0,544,2025-10-06 09:00:00,Draft,d040f15909b73ac40e486ddb35fe10ecb28354169f277d940f7a97266c89d493
JEV-0817,jev-demo-0817,テレワーク用ナレッジ共有の担当者の記録 — つむぎ広報室 [JEV-0817],T17,テレワーク用ナレッジ共有,S04,つむぎ広報室,7,0,0,0,0,0,552,2026-08-06 04:00:00,Draft,7c4c2313117558d6800f0efa59ebe36cd6c358ee6eaa92597f4e2704300e165c
JEV-0818,jev-demo-0818,テレワーク用ナレッジ共有の作業日誌 — こもれび制作室 [JEV-0818],T17,テレワーク用ナレッジ共有,S04,こもれび制作室,12,0,0,0,0,0,553,2024-10-20 15:00:00,Draft,bf3058f45443a2e1f20f243a102f7d9275049fc7a3684bf2951e5f033ae2886a
JEV-0819,jev-demo-0819,テレワーク用ナレッジ共有の現場からの報告 — みなと企画室 [JEV-0819],T17,テレワーク用ナレッジ共有,S04,みなと企画室,18,0,0,0,0,0,557,2025-08-20 10:00:00,Draft,9118181566747e8daefd9c2a1b29af5e09d492abf08f4e660c4bcdac63542e6e
JEV-0820,jev-demo-0820,テレワーク用ナレッジ共有の取り組みのメモ — しおり運用室 [JEV-0820],T17,テレワーク用ナレッジ共有,S04,しおり運用室,25,0,0,0,0,0,562,2026-06-20 05:00:00,Draft,99086e08b4ee3fc82acfe0f54f85ea399597fd4508a333da3df5e0cfef1f76cb
JEV-0821,jev-demo-0821,テレワーク用ナレッジ共有の運用ノート — あさぎ情報室 [JEV-0821],T17,テレワーク用ナレッジ共有,S05,あさぎ情報室,4,0,0,0,1,0,521,2024-09-03 16:00:00,Draft,a946e622d9f7cdc2bd70e07133745969a64727e76cca2fa355284006d943bacb
JEV-0822,jev-demo-0822,テレワーク用ナレッジ共有の担当者の記録 — つむぎ広報室 [JEV-0822],T17,テレワーク用ナレッジ共有,S05,つむぎ広報室,7,0,0,0,1,0,531,2025-07-04 11:00:00,Draft,b019f8629cf47025e0791d1e66969703e8bc02a3b9414525c7975f7ce6f9dea1
JEV-0823,jev-demo-0823,テレワーク用ナレッジ共有の作業日誌 — こもれび制作室 [JEV-0823],T17,テレワーク用ナレッジ共有,S05,こもれび制作室,12,0,0,0,1,0,533,2026-05-04 06:00:00,Draft,3c11d241d6bbf53b32a8bf3d8fe3af250834c824fdd032316c74691fa3c8d12a
JEV-0824,jev-demo-0824,テレワーク用ナレッジ共有の現場からの報告 — みなと企画室 [JEV-0824],T17,テレワーク用ナレッジ共有,S05,みなと企画室,18,0,0,0,1,0,536,2024-07-18 17:00:00,Draft,b67d9b64c7381a2f145e5f351f228a328529532fdd2449a7bec66069c450dd04
JEV-0825,jev-demo-0825,テレワーク用ナレッジ共有の取り組みのメモ — しおり運用室 [JEV-0825],T17,テレワーク用ナレッジ共有,S05,しおり運用室,25,0,0,0,1,0,543,2025-05-18 12:00:00,Draft,789add6558954c94bf459ad3b4784fabfb4ddf216b1cb62d2d4537e764c1d02d
JEV-0826,jev-demo-0826,テレワーク用ナレッジ共有の運用ノート — あさぎ情報室 [JEV-0826],T17,テレワーク用ナレッジ共有,S06,あさぎ情報室,4,1,0,0,1,0,502,2026-03-18 07:00:00,Draft,1f3f42d4064b951a73318a710e838ac4e769028eeaf8d47682aff9ad6a5911f1
JEV-0827,jev-demo-0827,テレワーク用ナレッジ共有の担当者の記録 — つむぎ広報室 [JEV-0827],T17,テレワーク用ナレッジ共有,S06,つむぎ広報室,7,1,0,0,1,0,510,2024-06-01 18:00:00,Draft,b77949b89d083caf94ce6c4eed1ad02a4b3309e785fe31e4c4cb2e22c2576f39
JEV-0828,jev-demo-0828,テレワーク用ナレッジ共有の作業日誌 — こもれび制作室 [JEV-0828],T17,テレワーク用ナレッジ共有,S06,こもれび制作室,12,1,0,0,1,0,511,2025-04-01 13:00:00,Draft,2a388db05292a62becb43a38ac58167d68946a00acf0306092b5d1680dd2ab70
JEV-0829,jev-demo-0829,テレワーク用ナレッジ共有の現場からの報告 — みなと企画室 [JEV-0829],T17,テレワーク用ナレッジ共有,S06,みなと企画室,18,1,0,0,1,0,515,2026-01-30 08:00:00,Draft,53cdca24506fbeeb17cda75e968e3621c6923a15fb4880f0a56b576b9c4e2d62
JEV-0830,jev-demo-0830,テレワーク用ナレッジ共有の取り組みのメモ — しおり運用室 [JEV-0830],T17,テレワーク用ナレッジ共有,S06,しおり運用室,25,1,0,0,1,0,520,2024-04-15 19:00:00,Draft,f4fcea55fe77433aa3bd4bf8565ff994a0feb6aec5f89b4b46ef2d3cd1f9fc8a
JEV-0831,jev-demo-0831,テレワーク用ナレッジ共有の運用ノート — あさぎ情報室 [JEV-0831],T17,テレワーク用ナレッジ共有,S07,あさぎ情報室,4,1,0,0,1,1,502,2025-02-13 14:00:00,Draft,07ff86a7f06add9ebad2f532898a106da8ecbe290a55fe07d1cda98d54be1c15
JEV-0832,jev-demo-0832,テレワーク用ナレッジ共有の担当者の記録 — つむぎ広報室 [JEV-0832],T17,テレワーク用ナレッジ共有,S07,つむぎ広報室,7,1,0,0,1,1,510,2025-12-14 09:00:00,Draft,09ee1c9316965382846f9183b23de097004742dcd54a494c7cdab0c2ee657740
JEV-0833,jev-demo-0833,テレワーク用ナレッジ共有の作業日誌 — こもれび制作室 [JEV-0833],T17,テレワーク用ナレッジ共有,S07,こもれび制作室,12,1,0,0,1,1,511,2024-02-28 20:00:00,Draft,f83df88c974141911c0ba3a6cc750bccddd54b82f004b9f0b01f2c9992841b33
JEV-0834,jev-demo-0834,テレワーク用ナレッジ共有の現場からの報告 — みなと企画室 [JEV-0834],T17,テレワーク用ナレッジ共有,S07,みなと企画室,18,1,0,0,1,1,515,2024-12-28 15:00:00,Draft,b6789a64ac5296c49d954ffdc14f5a081ddce9805e170ca1e0ec5e95d92c6770
JEV-0835,jev-demo-0835,テレワーク用ナレッジ共有の取り組みのメモ — しおり運用室 [JEV-0835],T17,テレワーク用ナレッジ共有,S07,しおり運用室,25,1,0,0,1,1,520,2025-10-28 10:00:00,Draft,7dba178f6b70da68e576b1e35b29a17d57fcf5cece44d4d417956dd6fd4a8351
JEV-0836,jev-demo-0836,テレワーク用ナレッジ共有の運用ノート — あさぎ情報室 [JEV-0836],T17,テレワーク用ナレッジ共有,S08,あさぎ情報室,4,1,1,1,0,0,562,2024-01-12 21:00:00,Draft,ef9d2efc194374b3036a3c7326d0d175bfd048c428c4fee2989ba62865b95d49
JEV-0837,jev-demo-0837,テレワーク用ナレッジ共有の担当者の記録 — つむぎ広報室 [JEV-0837],T17,テレワーク用ナレッジ共有,S08,つむぎ広報室,7,1,1,1,0,0,570,2024-11-11 16:00:00,Draft,a7d79c3f08d60f4f064dc1e96bf9a4c27a4abc826ac7d3b3b1001749e4739cc8
JEV-0838,jev-demo-0838,テレワーク用ナレッジ共有の作業日誌 — こもれび制作室 [JEV-0838],T17,テレワーク用ナレッジ共有,S08,こもれび制作室,12,1,1,1,0,0,571,2025-09-11 11:00:00,Draft,770be67f514b3784e52762f5c4a25df4b4d5eeee95d5d28b4f9db6e9b32c0ffd
JEV-0839,jev-demo-0839,テレワーク用ナレッジ共有の現場からの報告 — みなと企画室 [JEV-0839],T17,テレワーク用ナレッジ共有,S08,みなと企画室,18,1,1,1,0,0,575,2026-07-12 06:00:00,Draft,3b829c1350e3225003b18d4e90f27dec2d5ffee58639a484601351f8d9fdd5ca
JEV-0840,jev-demo-0840,テレワーク用ナレッジ共有の取り組みのメモ — しおり運用室 [JEV-0840],T17,テレワーク用ナレッジ共有,S08,しおり運用室,25,1,1,1,0,0,580,2024-09-25 17:00:00,Draft,34f43ac920fe5509f8daebbfdffe5aecd07fbb45a8423ff42927f467c59bca32
JEV-0841,jev-demo-0841,テレワーク用ナレッジ共有の運用ノート — あさぎ情報室 [JEV-0841],T17,テレワーク用ナレッジ共有,S09,あさぎ情報室,4,1,1,0,0,0,508,2025-07-26 12:00:00,Draft,f3348d09b2fba2c07cea1df2966f073356fa79b3d1336f5d36b0500ef1b372cb
JEV-0842,jev-demo-0842,テレワーク用ナレッジ共有の担当者の記録 — つむぎ広報室 [JEV-0842],T17,テレワーク用ナレッジ共有,S09,つむぎ広報室,7,1,1,0,0,0,516,2026-05-26 07:00:00,Draft,fefa6871891583d81c85aea9b0bc4e4e2d264bb8c3b4b1e03486da5cd37b4a8e
JEV-0843,jev-demo-0843,テレワーク用ナレッジ共有の作業日誌 — こもれび制作室 [JEV-0843],T17,テレワーク用ナレッジ共有,S09,こもれび制作室,12,1,1,0,0,0,517,2024-08-09 18:00:00,Draft,3429c2c525f278b7590170f24843c51a7deb6966ea56583655d574dd4ea5f673
JEV-0844,jev-demo-0844,テレワーク用ナレッジ共有の現場からの報告 — みなと企画室 [JEV-0844],T17,テレワーク用ナレッジ共有,S09,みなと企画室,18,1,1,0,0,0,521,2025-06-09 13:00:00,Draft,fefdabe4fed29171f86284f8b82da66304f869cbd1466e0af7ad6c34432c4b84
JEV-0845,jev-demo-0845,テレワーク用ナレッジ共有の取り組みのメモ — しおり運用室 [JEV-0845],T17,テレワーク用ナレッジ共有,S09,しおり運用室,25,1,1,0,0,0,526,2026-04-09 08:00:00,Draft,88f4186257f6468b14329d2396410d475193737cad76b455d9af8f12cde6e1ec
JEV-0846,jev-demo-0846,テレワーク用ナレッジ共有の運用ノート — あさぎ情報室 [JEV-0846],T17,テレワーク用ナレッジ共有,S10,あさぎ情報室,4,1,0,0,0,0,510,2024-06-23 19:00:00,Draft,07f0935e536f4a5222f0c639b82993362291bb3a000e8aeee9f5cd884f1e131b
JEV-0847,jev-demo-0847,テレワーク用ナレッジ共有の担当者の記録 — つむぎ広報室 [JEV-0847],T17,テレワーク用ナレッジ共有,S10,つむぎ広報室,7,1,0,0,0,0,518,2025-04-23 14:00:00,Draft,9cbefcbf9b40478fba40c37a00c3684439ccb4516d987ed7228b5cb8bb58e6cb
JEV-0848,jev-demo-0848,テレワーク用ナレッジ共有の作業日誌 — こもれび制作室 [JEV-0848],T17,テレワーク用ナレッジ共有,S10,こもれび制作室,12,1,0,0,0,0,519,2026-02-21 09:00:00,Draft,2cae857aa973efafc403a5ad52164724fdb0addcbfa6a8ea47f127f42b3a64bd
JEV-0849,jev-demo-0849,テレワーク用ナレッジ共有の現場からの報告 — みなと企画室 [JEV-0849],T17,テレワーク用ナレッジ共有,S10,みなと企画室,18,1,0,0,0,0,523,2024-05-07 20:00:00,Draft,63880a24584f847bc0c77bf8f4ad9b19d8bcdd745804c546c41bcecc02d5853a
JEV-0850,jev-demo-0850,テレワーク用ナレッジ共有の取り組みのメモ — しおり運用室 [JEV-0850],T17,テレワーク用ナレッジ共有,S10,しおり運用室,25,1,0,0,0,0,528,2025-03-07 15:00:00,Draft,dfa48258df82de4799c31fe4c4a6a7af0e754472c18334546b4f1fd992cc89de
JEV-0851,jev-demo-0851,高負荷時のページ配信の運用ノート — あさぎ情報室 [JEV-0851],T18,高負荷時のページ配信,S01,あさぎ情報室,4,1,1,1,1,0,593,2026-01-05 10:00:00,Draft,bb18826581235a682be153c1da3116435880ecb0eb268f1310c38ed6171ac028
JEV-0852,jev-demo-0852,高負荷時のページ配信の担当者の記録 — つむぎ広報室 [JEV-0852],T18,高負荷時のページ配信,S01,つむぎ広報室,7,1,1,1,1,0,601,2024-03-21 21:00:00,Draft,81eb54c1f6a72012b450ac513db46813a811571623459b2a54199b4b8d1886cd
JEV-0853,jev-demo-0853,高負荷時のページ配信の作業日誌 — こもれび制作室 [JEV-0853],T18,高負荷時のページ配信,S01,こもれび制作室,12,1,1,1,1,0,602,2025-01-19 16:00:00,Draft,0a17d733dd267060d30bebd5a332984a78836387e3d778508d1e772bbcb5a82c
JEV-0854,jev-demo-0854,高負荷時のページ配信の現場からの報告 — みなと企画室 [JEV-0854],T18,高負荷時のページ配信,S01,みなと企画室,18,1,1,1,1,0,606,2025-11-19 11:00:00,Draft,3b8f94199ac25c8c1dc572ee3adfee577d18c28e88a2d056938cfda22cd0d7a5
JEV-0855,jev-demo-0855,高負荷時のページ配信の取り組みのメモ — しおり運用室 [JEV-0855],T18,高負荷時のページ配信,S01,しおり運用室,25,1,1,1,1,0,611,2024-02-03 22:00:00,Draft,522ef9903855a8a58271b9de58c3ea0d7d30445a352b1fe6a5e84d66d2671cf5
JEV-0856,jev-demo-0856,高負荷時のページ配信の運用ノート — あさぎ情報室 [JEV-0856],T18,高負荷時のページ配信,S02,あさぎ情報室,4,1,1,1,0,0,534,2024-12-03 17:00:00,Draft,2ffecbec70c0d198d3db13a8c444b51c8cf3994ef5c64207b6aa7571008c1ecc
JEV-0857,jev-demo-0857,高負荷時のページ配信の担当者の記録 — つむぎ広報室 [JEV-0857],T18,高負荷時のページ配信,S02,つむぎ広報室,7,1,1,1,0,0,542,2025-10-03 12:00:00,Draft,27f7518e38dfa9942111b848c0612fe69f78dcb48603a787d744063284a436ff
JEV-0858,jev-demo-0858,高負荷時のページ配信の作業日誌 — こもれび制作室 [JEV-0858],T18,高負荷時のページ配信,S02,こもれび制作室,12,1,1,1,0,0,543,2026-08-03 07:00:00,Draft,d856b479223e199c703857e01de122546bbe643a60314c9baa2e71d00f1f9e6d
JEV-0859,jev-demo-0859,高負荷時のページ配信の現場からの報告 — みなと企画室 [JEV-0859],T18,高負荷時のページ配信,S02,みなと企画室,18,1,1,1,0,0,547,2024-10-17 18:00:00,Draft,aea9b51bbe2429e6baf9f34e3edfe2f41f5762e6ba1bf0c1da550104209ac90e
JEV-0860,jev-demo-0860,高負荷時のページ配信の取り組みのメモ — しおり運用室 [JEV-0860],T18,高負荷時のページ配信,S02,しおり運用室,25,1,1,1,0,0,552,2025-08-17 13:00:00,Draft,89fb4af747825d1cb4803ec4cc3cbe7ec6408eabffc0028717602ec962c8c0d4
JEV-0861,jev-demo-0861,高負荷時のページ配信の運用ノート — あさぎ情報室 [JEV-0861],T18,高負荷時のページ配信,S03,あさぎ情報室,4,1,0,0,0,0,439,2026-06-17 08:00:00,Draft,7ff39ada53058ca59353b90f667ade54be1841a2a209c770a852857e902fac39
JEV-0862,jev-demo-0862,高負荷時のページ配信の担当者の記録 — つむぎ広報室 [JEV-0862],T18,高負荷時のページ配信,S03,つむぎ広報室,7,1,0,0,0,0,447,2024-08-31 19:00:00,Draft,b47ff3f742aae5a15db2bb3c49a850922fe9da979f15000017f6f29fd4cee481
JEV-0863,jev-demo-0863,高負荷時のページ配信の作業日誌 — こもれび制作室 [JEV-0863],T18,高負荷時のページ配信,S03,こもれび制作室,12,1,0,0,0,0,448,2025-07-01 14:00:00,Draft,ff6bf0a6fa0932e59d608dcc6676fd2cab5c96d736b322bbed5d6203af29e045
JEV-0864,jev-demo-0864,高負荷時のページ配信の現場からの報告 — みなと企画室 [JEV-0864],T18,高負荷時のページ配信,S03,みなと企画室,18,1,0,0,0,0,452,2026-05-01 09:00:00,Draft,d37cafbcf549e2134e899f11c496d2d9e9b4927802d30fe99651dbaeb2f1e647
JEV-0865,jev-demo-0865,高負荷時のページ配信の取り組みのメモ — しおり運用室 [JEV-0865],T18,高負荷時のページ配信,S03,しおり運用室,25,1,0,0,0,0,457,2024-07-15 20:00:00,Draft,81e8a54cec122bcf5862405971d813a2703b5919fde1f8b4a6ce40457c4737d8
JEV-0866,jev-demo-0866,高負荷時のページ配信の運用ノート — あさぎ情報室 [JEV-0866],T18,高負荷時のページ配信,S04,あさぎ情報室,4,0,0,0,0,0,539,2025-05-15 15:00:00,Draft,0d3fcf27ced86c2fb333838ba5d539126d4fa8c84bb3f5a549ef4e2a1255bec3
JEV-0867,jev-demo-0867,高負荷時のページ配信の担当者の記録 — つむぎ広報室 [JEV-0867],T18,高負荷時のページ配信,S04,つむぎ広報室,7,0,0,0,0,0,547,2026-03-15 10:00:00,Draft,2af870ee86ab398dd0942f6e16c37b8eba6800204f18487d568c5670cebac551
JEV-0868,jev-demo-0868,高負荷時のページ配信の作業日誌 — こもれび制作室 [JEV-0868],T18,高負荷時のページ配信,S04,こもれび制作室,12,0,0,0,0,0,548,2024-05-29 21:00:00,Draft,9b5d2b89952fe37c548078db909cc453c4adbda13094af0b924f9e4dcad3a548
JEV-0869,jev-demo-0869,高負荷時のページ配信の現場からの報告 — みなと企画室 [JEV-0869],T18,高負荷時のページ配信,S04,みなと企画室,18,0,0,0,0,0,552,2025-03-29 16:00:00,Draft,0aaf0416c2f9a93abc7754320e0bdb37c2687435e8fca013e26ab164044c2783
JEV-0870,jev-demo-0870,高負荷時のページ配信の取り組みのメモ — しおり運用室 [JEV-0870],T18,高負荷時のページ配信,S04,しおり運用室,25,0,0,0,0,0,557,2026-01-27 11:00:00,Draft,f2adbc49dd9818a23e2ac841eaade512c0b8974215637de6994517f18fe99fe1
JEV-0871,jev-demo-0871,高負荷時のページ配信の運用ノート — あさぎ情報室 [JEV-0871],T18,高負荷時のページ配信,S05,あさぎ情報室,4,0,0,0,1,0,517,2024-04-12 22:00:00,Draft,06645df12d8696b763fde1ed268ece3a40bea3fbdf119cdba3553f8103c738e6
JEV-0872,jev-demo-0872,高負荷時のページ配信の担当者の記録 — つむぎ広報室 [JEV-0872],T18,高負荷時のページ配信,S05,つむぎ広報室,7,0,0,0,1,0,527,2025-02-10 17:00:00,Draft,27762f96d7417b5b40cda7ae2da24ced6f628a6b7fdd4e437b02b3480fe263bf
JEV-0873,jev-demo-0873,高負荷時のページ配信の作業日誌 — こもれび制作室 [JEV-0873],T18,高負荷時のページ配信,S05,こもれび制作室,12,0,0,0,1,0,529,2025-12-11 12:00:00,Draft,ca8d06e55b74ad3fc9a717d4d9818d8ca41e9535eab9b877434e59ee88f68537
JEV-0874,jev-demo-0874,高負荷時のページ配信の現場からの報告 — みなと企画室 [JEV-0874],T18,高負荷時のページ配信,S05,みなと企画室,18,0,0,0,1,0,532,2024-02-25 23:00:00,Draft,41b719bdafb1d7ea91bc89e2caee7cbb148201e3efdde259dd6b2930c76d77f4
JEV-0875,jev-demo-0875,高負荷時のページ配信の取り組みのメモ — しおり運用室 [JEV-0875],T18,高負荷時のページ配信,S05,しおり運用室,25,0,0,0,1,0,539,2024-12-25 18:00:00,Draft,df526e791a498af7fae2c5c72622f5d353de2c989421fec7af6d435b32de9ab4
JEV-0876,jev-demo-0876,高負荷時のページ配信の運用ノート — あさぎ情報室 [JEV-0876],T18,高負荷時のページ配信,S06,あさぎ情報室,4,1,0,0,1,0,498,2025-10-25 13:00:00,Draft,f9ab270386ccae69e60dcfde38f7b6f2dc763cd1e29b2d452defc1f5d0f1f968
JEV-0877,jev-demo-0877,高負荷時のページ配信の担当者の記録 — つむぎ広報室 [JEV-0877],T18,高負荷時のページ配信,S06,つむぎ広報室,7,1,0,0,1,0,506,2024-01-10 00:00:00,Draft,53ac33f48000b519fb6aba81d25cb81e9c1864180e95e7d5ecf1bbc65e67aeee
JEV-0878,jev-demo-0878,高負荷時のページ配信の作業日誌 — こもれび制作室 [JEV-0878],T18,高負荷時のページ配信,S06,こもれび制作室,12,1,0,0,1,0,507,2024-11-08 19:00:00,Draft,8c6183ad8c77c755d7779c234e4cc3c72558c661ad89bfd363753dc05669dbe4
JEV-0879,jev-demo-0879,高負荷時のページ配信の現場からの報告 — みなと企画室 [JEV-0879],T18,高負荷時のページ配信,S06,みなと企画室,18,1,0,0,1,0,511,2025-09-08 14:00:00,Draft,cee0b7f873f34858bfd2b2cb4e476828ef2a85a8ce1a068f57e3fd5f0e189500
JEV-0880,jev-demo-0880,高負荷時のページ配信の取り組みのメモ — しおり運用室 [JEV-0880],T18,高負荷時のページ配信,S06,しおり運用室,25,1,0,0,1,0,516,2026-07-09 09:00:00,Draft,431cfea97e0e6b0185cfd312fc68df25eb4a99bde4986754e0b570fe4ae6b1d9
JEV-0881,jev-demo-0881,高負荷時のページ配信の運用ノート — あさぎ情報室 [JEV-0881],T18,高負荷時のページ配信,S07,あさぎ情報室,4,1,0,0,1,1,498,2024-09-22 20:00:00,Draft,015a2796da62de0df849d1e4d29514fe30816c44f35973f867d564377d35b492
JEV-0882,jev-demo-0882,高負荷時のページ配信の担当者の記録 — つむぎ広報室 [JEV-0882],T18,高負荷時のページ配信,S07,つむぎ広報室,7,1,0,0,1,1,506,2025-07-23 15:00:00,Draft,2e38fbe265a24280e27191489de711ea3542827e92f09c66a8f66db0abced263
JEV-0883,jev-demo-0883,高負荷時のページ配信の作業日誌 — こもれび制作室 [JEV-0883],T18,高負荷時のページ配信,S07,こもれび制作室,12,1,0,0,1,1,507,2026-05-23 10:00:00,Draft,f8a669d2c6a287d179551f5e63c84bb6ac6cacaba4991b3c1fcee5a4a12eb235
JEV-0884,jev-demo-0884,高負荷時のページ配信の現場からの報告 — みなと企画室 [JEV-0884],T18,高負荷時のページ配信,S07,みなと企画室,18,1,0,0,1,1,511,2024-08-06 21:00:00,Draft,1b1391fce882a02fc35d2a52c2c8008fcded57b534296c7aee43b05cf40227fe
JEV-0885,jev-demo-0885,高負荷時のページ配信の取り組みのメモ — しおり運用室 [JEV-0885],T18,高負荷時のページ配信,S07,しおり運用室,25,1,0,0,1,1,516,2025-06-06 16:00:00,Draft,4c9ec36635ea33d23e52dd82939b698292f5b628174e91b0ac8f329e13673c0a
JEV-0886,jev-demo-0886,高負荷時のページ配信の運用ノート — あさぎ情報室 [JEV-0886],T18,高負荷時のページ配信,S08,あさぎ情報室,4,1,1,1,0,0,557,2026-04-06 11:00:00,Draft,a8067d3664b70ea378b4c1435beabd0dab1472f83c6a7782e76f61b802dbb299
JEV-0887,jev-demo-0887,高負荷時のページ配信の担当者の記録 — つむぎ広報室 [JEV-0887],T18,高負荷時のページ配信,S08,つむぎ広報室,7,1,1,1,0,0,565,2024-06-20 22:00:00,Draft,5eec1673fae42cf10101ba81c74a2ab18c685a58238ba409e5ce7223a603036a
JEV-0888,jev-demo-0888,高負荷時のページ配信の作業日誌 — こもれび制作室 [JEV-0888],T18,高負荷時のページ配信,S08,こもれび制作室,12,1,1,1,0,0,566,2025-04-20 17:00:00,Draft,c7bbdedba181d426fc12cf9c4c663fdf3ca116fd04cfd55d967f8ba05358cb7c
JEV-0889,jev-demo-0889,高負荷時のページ配信の現場からの報告 — みなと企画室 [JEV-0889],T18,高負荷時のページ配信,S08,みなと企画室,18,1,1,1,0,0,570,2026-02-18 12:00:00,Draft,664be1cbc3fa44b9b573e22e9fa3634bb7ed38d45c5afd71defd336a54733a7c
JEV-0890,jev-demo-0890,高負荷時のページ配信の取り組みのメモ — しおり運用室 [JEV-0890],T18,高負荷時のページ配信,S08,しおり運用室,25,1,1,1,0,0,575,2024-05-04 23:00:00,Draft,b7687247222bd83cec4eaac7fd61dda52e7bcaf543cdb55dee34f4836dc31d10
JEV-0891,jev-demo-0891,高負荷時のページ配信の運用ノート — あさぎ情報室 [JEV-0891],T18,高負荷時のページ配信,S09,あさぎ情報室,4,1,1,0,0,0,504,2025-03-04 18:00:00,Draft,6537183a3db5374eda97e0c13ac0f551b54edde65702b7447eefdf313e10e105
JEV-0892,jev-demo-0892,高負荷時のページ配信の担当者の記録 — つむぎ広報室 [JEV-0892],T18,高負荷時のページ配信,S09,つむぎ広報室,7,1,1,0,0,0,512,2026-01-02 13:00:00,Draft,d0ee6a35e98190c4e320447653117c97011cb7fd9e81e0ce12b0f9562f0443e1
JEV-0893,jev-demo-0893,高負荷時のページ配信の作業日誌 — こもれび制作室 [JEV-0893],T18,高負荷時のページ配信,S09,こもれび制作室,12,1,1,0,0,0,513,2024-03-19 00:00:00,Draft,4409ae4e0842822fbf1f728496dc5881fdf52e7f6b1fa21b63481805083b2b35
JEV-0894,jev-demo-0894,高負荷時のページ配信の現場からの報告 — みなと企画室 [JEV-0894],T18,高負荷時のページ配信,S09,みなと企画室,18,1,1,0,0,0,517,2025-01-16 19:00:00,Draft,6bf5a6c1bcc2c4046ffb8f1df5235a89795d3e418b8b60011b3d00c50b51716f
JEV-0895,jev-demo-0895,高負荷時のページ配信の取り組みのメモ — しおり運用室 [JEV-0895],T18,高負荷時のページ配信,S09,しおり運用室,25,1,1,0,0,0,522,2025-11-16 14:00:00,Draft,4307069ffc96f2909720ff9757ecc046fd516347486874ac46e54a7f4fd4995d
JEV-0896,jev-demo-0896,高負荷時のページ配信の運用ノート — あさぎ情報室 [JEV-0896],T18,高負荷時のページ配信,S10,あさぎ情報室,4,1,0,0,0,0,507,2024-02-01 01:00:00,Draft,c73c35641b0eafcae83c88abb5e473675917a8e40d116f66ebfcc85be5f49b4a
JEV-0897,jev-demo-0897,高負荷時のページ配信の担当者の記録 — つむぎ広報室 [JEV-0897],T18,高負荷時のページ配信,S10,つむぎ広報室,7,1,0,0,0,0,515,2024-11-30 20:00:00,Draft,7aadcba4c763b16b4adc54272b87ea801de05842023a1162bd55ae68a1409ac0
JEV-0898,jev-demo-0898,高負荷時のページ配信の作業日誌 — こもれび制作室 [JEV-0898],T18,高負荷時のページ配信,S10,こもれび制作室,12,1,0,0,0,0,516,2025-09-30 15:00:00,Draft,91baa4e4f102656aeeec008230d1589a470e902c08c98b3716bf6cb4bf167f85
JEV-0899,jev-demo-0899,高負荷時のページ配信の現場からの報告 — みなと企画室 [JEV-0899],T18,高負荷時のページ配信,S10,みなと企画室,18,1,0,0,0,0,520,2026-07-31 10:00:00,Draft,5bd02cc5e3eab70e5e1faf85e5e7602dfd840327895e67a03884efd4c37c4292
JEV-0900,jev-demo-0900,高負荷時のページ配信の取り組みのメモ — しおり運用室 [JEV-0900],T18,高負荷時のページ配信,S10,しおり運用室,25,1,0,0,0,0,525,2024-10-14 21:00:00,Draft,ca2ac8b57d5c76c299c811cb64dee25ffce24e69a5356c08df20dcd65e56e36a
JEV-0901,jev-demo-0901,メールマガジンの配信管理の運用ノート — あさぎ情報室 [JEV-0901],T19,メールマガジンの配信管理,S01,あさぎ情報室,4,1,1,1,1,0,589,2025-08-14 16:00:00,Draft,39f913eefd3c7a2da040f06f6b625129459e3c2985b8b4ff5b714422dd2d56ca
JEV-0902,jev-demo-0902,メールマガジンの配信管理の担当者の記録 — つむぎ広報室 [JEV-0902],T19,メールマガジンの配信管理,S01,つむぎ広報室,7,1,1,1,1,0,597,2026-06-14 11:00:00,Draft,4a4768df5dc8c4cd2c185614740548e14052164bd38df8aeb0509f8d708c64dc
JEV-0903,jev-demo-0903,メールマガジンの配信管理の作業日誌 — こもれび制作室 [JEV-0903],T19,メールマガジンの配信管理,S01,こもれび制作室,12,1,1,1,1,0,598,2024-08-28 22:00:00,Draft,8caab26d01ecc4938adf7bafbe955c93472e364b630db3a8c87e5e2a59186a9b
JEV-0904,jev-demo-0904,メールマガジンの配信管理の現場からの報告 — みなと企画室 [JEV-0904],T19,メールマガジンの配信管理,S01,みなと企画室,18,1,1,1,1,0,602,2025-06-28 17:00:00,Draft,6599234ddf641c2699be295611577b4bc983a49b402fbf34d0d40a958428f976
JEV-0905,jev-demo-0905,メールマガジンの配信管理の取り組みのメモ — しおり運用室 [JEV-0905],T19,メールマガジンの配信管理,S01,しおり運用室,25,1,1,1,1,0,607,2026-04-28 12:00:00,Draft,cd5a72dc5d5f9d3c516eb135b63086c489a272a1730dc9842b2b60b5e1ca4ab0
JEV-0906,jev-demo-0906,メールマガジンの配信管理の運用ノート — あさぎ情報室 [JEV-0906],T19,メールマガジンの配信管理,S02,あさぎ情報室,4,1,1,1,0,0,530,2024-07-12 23:00:00,Draft,16b25ca9ae51e3626c191dd30a8b04f77cb94e1b2121d7af3cb7ad2937393618
JEV-0907,jev-demo-0907,メールマガジンの配信管理の担当者の記録 — つむぎ広報室 [JEV-0907],T19,メールマガジンの配信管理,S02,つむぎ広報室,7,1,1,1,0,0,538,2025-05-12 18:00:00,Draft,1a16c004666f63cf86f016edea0a14a04f3660466d1d6f8b8d09f0c46eb73b39
JEV-0908,jev-demo-0908,メールマガジンの配信管理の作業日誌 — こもれび制作室 [JEV-0908],T19,メールマガジンの配信管理,S02,こもれび制作室,12,1,1,1,0,0,539,2026-03-12 13:00:00,Draft,24c2901637bf353f175f37f5bfcf68659b4490f84eec7fc391cafd7edcdab6b1
JEV-0909,jev-demo-0909,メールマガジンの配信管理の現場からの報告 — みなと企画室 [JEV-0909],T19,メールマガジンの配信管理,S02,みなと企画室,18,1,1,1,0,0,543,2024-05-27 00:00:00,Draft,e1b80eb12cf362d0009d3f257152ea41f6352ad4f32ff0de8a96f876e3cd4604
JEV-0910,jev-demo-0910,メールマガジンの配信管理の取り組みのメモ — しおり運用室 [JEV-0910],T19,メールマガジンの配信管理,S02,しおり運用室,25,1,1,1,0,0,548,2025-03-26 19:00:00,Draft,e2616dbc0edbfc1088f004de67216048bab839da50e75d7809884757cd834e77
JEV-0911,jev-demo-0911,メールマガジンの配信管理の運用ノート — あさぎ情報室 [JEV-0911],T19,メールマガジンの配信管理,S03,あさぎ情報室,4,1,0,0,0,0,436,2026-01-24 14:00:00,Draft,cca936b8884810ccb4b91d919d5f3f7356223154351fb0b1418cbde90e24dd7b
JEV-0912,jev-demo-0912,メールマガジンの配信管理の担当者の記録 — つむぎ広報室 [JEV-0912],T19,メールマガジンの配信管理,S03,つむぎ広報室,7,1,0,0,0,0,444,2024-04-10 01:00:00,Draft,48ad98720ede4a5fa5aba23833eb8a708afbe3df4648484802eae833df4e5c9f
JEV-0913,jev-demo-0913,メールマガジンの配信管理の作業日誌 — こもれび制作室 [JEV-0913],T19,メールマガジンの配信管理,S03,こもれび制作室,12,1,0,0,0,0,445,2025-02-07 20:00:00,Draft,e67fef94e2c1ca97dcaa54c3edbf8d5c5e86bc964611f10cdd5dcccbd14941c7
JEV-0914,jev-demo-0914,メールマガジンの配信管理の現場からの報告 — みなと企画室 [JEV-0914],T19,メールマガジンの配信管理,S03,みなと企画室,18,1,0,0,0,0,449,2025-12-08 15:00:00,Draft,53c941c022d2bc7e2236ac7558ce1f42479c28c46d12eeb472deec6413e46582
JEV-0915,jev-demo-0915,メールマガジンの配信管理の取り組みのメモ — しおり運用室 [JEV-0915],T19,メールマガジンの配信管理,S03,しおり運用室,25,1,0,0,0,0,454,2024-02-23 02:00:00,Draft,db265cb39994b3fe7cf68e01d2cd05aa418185de7933d049df31529d3638b24c
JEV-0916,jev-demo-0916,メールマガジンの配信管理の運用ノート — あさぎ情報室 [JEV-0916],T19,メールマガジンの配信管理,S04,あさぎ情報室,4,0,0,0,0,0,535,2024-12-22 21:00:00,Draft,1ed3aab9579c4b99f5a62a0f419430ee87f3a3f66537b8f896c79cba2180c464
JEV-0917,jev-demo-0917,メールマガジンの配信管理の担当者の記録 — つむぎ広報室 [JEV-0917],T19,メールマガジンの配信管理,S04,つむぎ広報室,7,0,0,0,0,0,543,2025-10-22 16:00:00,Draft,042741832fb240a87da30ac1780e3c9f463884b4b05e128ef1f54ef01e30914a
JEV-0918,jev-demo-0918,メールマガジンの配信管理の作業日誌 — こもれび制作室 [JEV-0918],T19,メールマガジンの配信管理,S04,こもれび制作室,12,0,0,0,0,0,544,2024-01-07 03:00:00,Draft,19b59fe31b218220f588fb5048355f20a8dd42c72190fc4ae2077bb5aa677c23
JEV-0919,jev-demo-0919,メールマガジンの配信管理の現場からの報告 — みなと企画室 [JEV-0919],T19,メールマガジンの配信管理,S04,みなと企画室,18,0,0,0,0,0,548,2024-11-05 22:00:00,Draft,f1915718c2030ca85e95babfe81454cc0cf735542dc413dfba5792591d346f97
JEV-0920,jev-demo-0920,メールマガジンの配信管理の取り組みのメモ — しおり運用室 [JEV-0920],T19,メールマガジンの配信管理,S04,しおり運用室,25,0,0,0,0,0,553,2025-09-05 17:00:00,Draft,94662a22193f2c0a06029909718af6fd6e8d0d356dfd9434428889b52ca871d4
JEV-0921,jev-demo-0921,メールマガジンの配信管理の運用ノート — あさぎ情報室 [JEV-0921],T19,メールマガジンの配信管理,S05,あさぎ情報室,4,0,0,0,1,0,514,2026-07-06 12:00:00,Draft,80dfa0b6fc1bc36cc62abd5195ae65bcbf5da68c70bcc520aecab821b544a45b
JEV-0922,jev-demo-0922,メールマガジンの配信管理の担当者の記録 — つむぎ広報室 [JEV-0922],T19,メールマガジンの配信管理,S05,つむぎ広報室,7,0,0,0,1,0,524,2024-09-19 23:00:00,Draft,100cbf34631875778fffbc8afa390d074c81a13eff39d5d0f76b5326b8556f75
JEV-0923,jev-demo-0923,メールマガジンの配信管理の作業日誌 — こもれび制作室 [JEV-0923],T19,メールマガジンの配信管理,S05,こもれび制作室,12,0,0,0,1,0,526,2025-07-20 18:00:00,Draft,56173a34f8189f8a6ed26b8080944331f495fbb4589e6de80c22e40b8fec6ef1
JEV-0924,jev-demo-0924,メールマガジンの配信管理の現場からの報告 — みなと企画室 [JEV-0924],T19,メールマガジンの配信管理,S05,みなと企画室,18,0,0,0,1,0,529,2026-05-20 13:00:00,Draft,cef6c7913ff5b4811369183e51e2fbf132e7a246daaf33e9a084257aa7bb2adc
JEV-0925,jev-demo-0925,メールマガジンの配信管理の取り組みのメモ — しおり運用室 [JEV-0925],T19,メールマガジンの配信管理,S05,しおり運用室,25,0,0,0,1,0,536,2024-08-04 00:00:00,Draft,b57f853fbd6801ee696cd14d889da3498e92f71b79974c80f39146508f5d5a4d
JEV-0926,jev-demo-0926,メールマガジンの配信管理の運用ノート — あさぎ情報室 [JEV-0926],T19,メールマガジンの配信管理,S06,あさぎ情報室,4,1,0,0,1,0,495,2025-06-03 19:00:00,Draft,efa03d3845807a9a93baf3567da0549346157c8a78855b47a4ee81c125963074
JEV-0927,jev-demo-0927,メールマガジンの配信管理の担当者の記録 — つむぎ広報室 [JEV-0927],T19,メールマガジンの配信管理,S06,つむぎ広報室,7,1,0,0,1,0,503,2026-04-03 14:00:00,Draft,530b983de02711c9c68b1ac0ba33041065ff3b3d698489398295a49834daa090
JEV-0928,jev-demo-0928,メールマガジンの配信管理の作業日誌 — こもれび制作室 [JEV-0928],T19,メールマガジンの配信管理,S06,こもれび制作室,12,1,0,0,1,0,504,2024-06-18 01:00:00,Draft,9981d446ab5dcf897b990350284ebd7fe65f6ffbbd79571bc39b2ae99d038b68
JEV-0929,jev-demo-0929,メールマガジンの配信管理の現場からの報告 — みなと企画室 [JEV-0929],T19,メールマガジンの配信管理,S06,みなと企画室,18,1,0,0,1,0,508,2025-04-17 20:00:00,Draft,1331caed89b75544205cf83379c8f8b34a5a7c5f3404f0a0e5f7ac3273471e4f
JEV-0930,jev-demo-0930,メールマガジンの配信管理の取り組みのメモ — しおり運用室 [JEV-0930],T19,メールマガジンの配信管理,S06,しおり運用室,25,1,0,0,1,0,513,2026-02-15 15:00:00,Draft,82c1522ac62659651d9825c20133f0594aac582fddeace4959a1d726f413e3c9
JEV-0931,jev-demo-0931,メールマガジンの配信管理の運用ノート — あさぎ情報室 [JEV-0931],T19,メールマガジンの配信管理,S07,あさぎ情報室,4,1,0,0,1,1,495,2024-05-02 02:00:00,Draft,b4e0d947cbf8e9899f4a337f07675aaf388d4954b1ae18321c53f06c1a23da5b
JEV-0932,jev-demo-0932,メールマガジンの配信管理の担当者の記録 — つむぎ広報室 [JEV-0932],T19,メールマガジンの配信管理,S07,つむぎ広報室,7,1,0,0,1,1,503,2025-03-01 21:00:00,Draft,9ac7b2b8198680461bd1c3e313dd105fa5d4763642abeeb11be71574d4100dd4
JEV-0933,jev-demo-0933,メールマガジンの配信管理の作業日誌 — こもれび制作室 [JEV-0933],T19,メールマガジンの配信管理,S07,こもれび制作室,12,1,0,0,1,1,504,2025-12-30 16:00:00,Draft,a10cd4dafd3bc61cdd4f19a816eb96ea955cad807c1025b094ed9966a183e95d
JEV-0934,jev-demo-0934,メールマガジンの配信管理の現場からの報告 — みなと企画室 [JEV-0934],T19,メールマガジンの配信管理,S07,みなと企画室,18,1,0,0,1,1,508,2024-03-16 03:00:00,Draft,825e2bc466dcc96fe2128322b0df93e1e196b07de6f5c238870c82f1cc2fce36
JEV-0935,jev-demo-0935,メールマガジンの配信管理の取り組みのメモ — しおり運用室 [JEV-0935],T19,メールマガジンの配信管理,S07,しおり運用室,25,1,0,0,1,1,513,2025-01-13 22:00:00,Draft,b94cc3b8392e8ca9bf098f6c38f7781a1d87b22d3df88266b9f2df7aa62533e4
JEV-0936,jev-demo-0936,メールマガジンの配信管理の運用ノート — あさぎ情報室 [JEV-0936],T19,メールマガジンの配信管理,S08,あさぎ情報室,4,1,1,1,0,0,553,2025-11-13 17:00:00,Draft,f78167518f5e26df0a8e263c9e624c4ee389ae52489739a0ba07922927353706
JEV-0937,jev-demo-0937,メールマガジンの配信管理の担当者の記録 — つむぎ広報室 [JEV-0937],T19,メールマガジンの配信管理,S08,つむぎ広報室,7,1,1,1,0,0,561,2024-01-29 04:00:00,Draft,a3df88aed02639e2123d261cd25e5eb8efbb52e75d4e223b16bec561fe4af1d0
JEV-0938,jev-demo-0938,メールマガジンの配信管理の作業日誌 — こもれび制作室 [JEV-0938],T19,メールマガジンの配信管理,S08,こもれび制作室,12,1,1,1,0,0,562,2024-11-27 23:00:00,Draft,e105250f001cff66e27c38cc74c0bbddd5a26a84475713bfe25144df62046e95
JEV-0939,jev-demo-0939,メールマガジンの配信管理の現場からの報告 — みなと企画室 [JEV-0939],T19,メールマガジンの配信管理,S08,みなと企画室,18,1,1,1,0,0,566,2025-09-27 18:00:00,Draft,77e1d012364f6608c8c84932809b6eb65200c25a983f7b2c620e421e2bf23eff
JEV-0940,jev-demo-0940,メールマガジンの配信管理の取り組みのメモ — しおり運用室 [JEV-0940],T19,メールマガジンの配信管理,S08,しおり運用室,25,1,1,1,0,0,571,2026-07-28 13:00:00,Draft,66e8f011cd01b66c3af41a1b1b531cc4b30913093ad514d9d61bb5055fbd567c
JEV-0941,jev-demo-0941,メールマガジンの配信管理の運用ノート — あさぎ情報室 [JEV-0941],T19,メールマガジンの配信管理,S09,あさぎ情報室,4,1,1,0,0,0,501,2024-10-12 00:00:00,Draft,93f4220c25e12e2d38a95a91014e39f17d4e1eaf3ae14efcd72ec4c51f6318fb
JEV-0942,jev-demo-0942,メールマガジンの配信管理の担当者の記録 — つむぎ広報室 [JEV-0942],T19,メールマガジンの配信管理,S09,つむぎ広報室,7,1,1,0,0,0,509,2025-08-11 19:00:00,Draft,c1d800f961ddb4666d5e3b8650282a1cda176160b816862dac56542e5c99093c
JEV-0943,jev-demo-0943,メールマガジンの配信管理の作業日誌 — こもれび制作室 [JEV-0943],T19,メールマガジンの配信管理,S09,こもれび制作室,12,1,1,0,0,0,510,2026-06-11 14:00:00,Draft,943fa4b97706569eea2f9d13eb0f86f2a914356c5ed643bf44b286efc99ee242
JEV-0944,jev-demo-0944,メールマガジンの配信管理の現場からの報告 — みなと企画室 [JEV-0944],T19,メールマガジンの配信管理,S09,みなと企画室,18,1,1,0,0,0,514,2024-08-26 01:00:00,Draft,c255121968a065b1b5a40834ec95f309ebda1ca83e27a15ecd5c724ed92de1e9
JEV-0945,jev-demo-0945,メールマガジンの配信管理の取り組みのメモ — しおり運用室 [JEV-0945],T19,メールマガジンの配信管理,S09,しおり運用室,25,1,1,0,0,0,519,2025-06-25 20:00:00,Draft,72ec239547690064c0d92bec80fa95dc43d592940cf09985500c02715bb48df4
JEV-0946,jev-demo-0946,メールマガジンの配信管理の運用ノート — あさぎ情報室 [JEV-0946],T19,メールマガジンの配信管理,S10,あさぎ情報室,4,1,0,0,0,0,502,2026-04-25 15:00:00,Draft,08a6de7eb2753e546c8c3b32ae729ea06cfa908fad1e3d170a2c116db819e252
JEV-0947,jev-demo-0947,メールマガジンの配信管理の担当者の記録 — つむぎ広報室 [JEV-0947],T19,メールマガジンの配信管理,S10,つむぎ広報室,7,1,0,0,0,0,510,2024-07-10 02:00:00,Draft,705d74c3729c4d7faaa1c981bd21e1e2dc87c2f186fc4342722ec32cbf8712ad
JEV-0948,jev-demo-0948,メールマガジンの配信管理の作業日誌 — こもれび制作室 [JEV-0948],T19,メールマガジンの配信管理,S10,こもれび制作室,12,1,0,0,0,0,511,2025-05-09 21:00:00,Draft,579ca41544cbba0be2f4e15a8c48bbd00d44dcb3851c67fbcb73d37f5dd4d9f1
JEV-0949,jev-demo-0949,メールマガジンの配信管理の現場からの報告 — みなと企画室 [JEV-0949],T19,メールマガジンの配信管理,S10,みなと企画室,18,1,0,0,0,0,515,2026-03-09 16:00:00,Draft,917e5701e9f166d22911d8c7804c6ccb614253d31069060d657ea3f5303a204a
JEV-0950,jev-demo-0950,メールマガジンの配信管理の取り組みのメモ — しおり運用室 [JEV-0950],T19,メールマガジンの配信管理,S10,しおり運用室,25,1,0,0,0,0,520,2024-05-24 03:00:00,Draft,414c4aaa811a85b2330b16685ca94060049f5528cfedf079b7f9b2e53ee91109
JEV-0951,jev-demo-0951,環境活動の報告ページの運用ノート — あさぎ情報室 [JEV-0951],T20,環境活動の報告ページ,S01,あさぎ情報室,4,1,1,1,1,0,580,2025-03-23 22:00:00,Draft,88434ed21cd9e8b83a65c613ab623f8127ed5f0edbf768e3dac9a8c14be0ea76
JEV-0952,jev-demo-0952,環境活動の報告ページの担当者の記録 — つむぎ広報室 [JEV-0952],T20,環境活動の報告ページ,S01,つむぎ広報室,7,1,1,1,1,0,588,2026-01-21 17:00:00,Draft,6cb8ec0d799772a76582dbe33135ed6ee3ccdaffcc6c8803ea808f1e64ec62be
JEV-0953,jev-demo-0953,環境活動の報告ページの作業日誌 — こもれび制作室 [JEV-0953],T20,環境活動の報告ページ,S01,こもれび制作室,12,1,1,1,1,0,589,2024-04-07 04:00:00,Draft,08142ab2e5cbb0e77d3503759ff5b4fb770c1c28361aba1b3c2be2c9d9b23548
JEV-0954,jev-demo-0954,環境活動の報告ページの現場からの報告 — みなと企画室 [JEV-0954],T20,環境活動の報告ページ,S01,みなと企画室,18,1,1,1,1,0,593,2025-02-04 23:00:00,Draft,f6d8397bf38d48db3b8996888ce67529e81f2fcd2f5bbe344f6b393ef242e569
JEV-0955,jev-demo-0955,環境活動の報告ページの取り組みのメモ — しおり運用室 [JEV-0955],T20,環境活動の報告ページ,S01,しおり運用室,25,1,1,1,1,0,598,2025-12-05 18:00:00,Draft,8bdc4216a82a39314a8ffe6485143fd4740aa7c328ed16b8a41bc83f406357ae
JEV-0956,jev-demo-0956,環境活動の報告ページの運用ノート — あさぎ情報室 [JEV-0956],T20,環境活動の報告ページ,S02,あさぎ情報室,4,1,1,1,0,0,521,2024-02-20 05:00:00,Draft,0230be1d24a9404443e179a1ddaadf1f5887a39ee09d002e998ea37d0ee44049
JEV-0957,jev-demo-0957,環境活動の報告ページの担当者の記録 — つむぎ広報室 [JEV-0957],T20,環境活動の報告ページ,S02,つむぎ広報室,7,1,1,1,0,0,529,2024-12-20 00:00:00,Draft,c60381b27f27d5505be114127f1422b31a27f95535d40804068f44c114be96c3
JEV-0958,jev-demo-0958,環境活動の報告ページの作業日誌 — こもれび制作室 [JEV-0958],T20,環境活動の報告ページ,S02,こもれび制作室,12,1,1,1,0,0,530,2025-10-19 19:00:00,Draft,4c9c4e676e032d46bd8e06fff8134f5fc0f7cda0597572f7560bc05f71dd8c46
JEV-0959,jev-demo-0959,環境活動の報告ページの現場からの報告 — みなと企画室 [JEV-0959],T20,環境活動の報告ページ,S02,みなと企画室,18,1,1,1,0,0,534,2024-01-04 06:00:00,Draft,5a1bcd28e9589888a716ac73afdc47fe6fe4cb517c9439b700dd9e221a892905
JEV-0960,jev-demo-0960,環境活動の報告ページの取り組みのメモ — しおり運用室 [JEV-0960],T20,環境活動の報告ページ,S02,しおり運用室,25,1,1,1,0,0,539,2024-11-03 01:00:00,Draft,d66fe2291c0751a62b1e1ab0e4d4507294ff6ea8aa0965abf9a424f346d0943c
JEV-0961,jev-demo-0961,環境活動の報告ページの運用ノート — あさぎ情報室 [JEV-0961],T20,環境活動の報告ページ,S03,あさぎ情報室,4,1,0,0,0,0,434,2025-09-02 20:00:00,Draft,9ea33bf0ead061fbe355a47cd03cbc0e6b06fb122074af7f1bf963010eef8987
JEV-0962,jev-demo-0962,環境活動の報告ページの担当者の記録 — つむぎ広報室 [JEV-0962],T20,環境活動の報告ページ,S03,つむぎ広報室,7,1,0,0,0,0,442,2026-07-03 15:00:00,Draft,e13f4fae370d5a99eff17c95a1b39813c9ca9965623583145f341e886c6bc03b
JEV-0963,jev-demo-0963,環境活動の報告ページの作業日誌 — こもれび制作室 [JEV-0963],T20,環境活動の報告ページ,S03,こもれび制作室,12,1,0,0,0,0,443,2024-09-17 02:00:00,Draft,41a4f867fbb95fe2cb78289effacd846120bfb3c69c3bdba86bc6975bb943249
JEV-0964,jev-demo-0964,環境活動の報告ページの現場からの報告 — みなと企画室 [JEV-0964],T20,環境活動の報告ページ,S03,みなと企画室,18,1,0,0,0,0,447,2025-07-17 21:00:00,Draft,7b0fbc5e9bb6896b9686736ff2f9e8d6e69759cc95dca7357608bc08558f75e4
JEV-0965,jev-demo-0965,環境活動の報告ページの取り組みのメモ — しおり運用室 [JEV-0965],T20,環境活動の報告ページ,S03,しおり運用室,25,1,0,0,0,0,452,2026-05-17 16:00:00,Draft,22b96e3388b966a6fbeb266a9e41ed45411eafe4635cfc8e5a3552e633d58808
JEV-0966,jev-demo-0966,環境活動の報告ページの運用ノート — あさぎ情報室 [JEV-0966],T20,環境活動の報告ページ,S04,あさぎ情報室,4,0,0,0,0,0,526,2024-08-01 03:00:00,Draft,09a2d1c444de3affbe544fc5695b8ba3f28071f7498b8ae2c39a71a78242b7f7
JEV-0967,jev-demo-0967,環境活動の報告ページの担当者の記録 — つむぎ広報室 [JEV-0967],T20,環境活動の報告ページ,S04,つむぎ広報室,7,0,0,0,0,0,534,2025-05-31 22:00:00,Draft,121b129b12b0f459794433627ed13837b1c9e689b4f2fbc56bdf3e38d8becee8
JEV-0968,jev-demo-0968,環境活動の報告ページの作業日誌 — こもれび制作室 [JEV-0968],T20,環境活動の報告ページ,S04,こもれび制作室,12,0,0,0,0,0,535,2026-03-31 17:00:00,Draft,35d1b70da095b5117e104570cc21710b1fad39d24f6439f8eea9896fedc52c98
JEV-0969,jev-demo-0969,環境活動の報告ページの現場からの報告 — みなと企画室 [JEV-0969],T20,環境活動の報告ページ,S04,みなと企画室,18,0,0,0,0,0,539,2024-06-15 04:00:00,Draft,f1ae3b2d3990918767aa02d8f6287e2e9c3a651fe0abc1d5b38b921693721600
JEV-0970,jev-demo-0970,環境活動の報告ページの取り組みのメモ — しおり運用室 [JEV-0970],T20,環境活動の報告ページ,S04,しおり運用室,25,0,0,0,0,0,544,2025-04-14 23:00:00,Draft,2b4a6f8a514790324cb366fad4bafbae29c99222b4d90d92df37ebc4e9708a81
JEV-0971,jev-demo-0971,環境活動の報告ページの運用ノート — あさぎ情報室 [JEV-0971],T20,環境活動の報告ページ,S05,あさぎ情報室,4,0,0,0,1,0,512,2026-02-12 18:00:00,Draft,126c5911cb0af3e96f91d403a611802d949d96797ddfdfa67376722e1ad22dd4
JEV-0972,jev-demo-0972,環境活動の報告ページの担当者の記録 — つむぎ広報室 [JEV-0972],T20,環境活動の報告ページ,S05,つむぎ広報室,7,0,0,0,1,0,522,2024-04-29 05:00:00,Draft,16c4048231536ffbbd99a5452cc206afd00254276cb3e144dc9a6c485de0dd58
JEV-0973,jev-demo-0973,環境活動の報告ページの作業日誌 — こもれび制作室 [JEV-0973],T20,環境活動の報告ページ,S05,こもれび制作室,12,0,0,0,1,0,524,2025-02-27 00:00:00,Draft,fb0f5117c6ecaafa4daab665610346241713fe9c625fa72c4593173bf407a6e7
JEV-0974,jev-demo-0974,環境活動の報告ページの現場からの報告 — みなと企画室 [JEV-0974],T20,環境活動の報告ページ,S05,みなと企画室,18,0,0,0,1,0,527,2025-12-27 19:00:00,Draft,a43a1c2991569bbcbe1d928ad177667163fc49e55d21e05492a6a90dfb059fc6
JEV-0975,jev-demo-0975,環境活動の報告ページの取り組みのメモ — しおり運用室 [JEV-0975],T20,環境活動の報告ページ,S05,しおり運用室,25,0,0,0,1,0,534,2024-03-13 06:00:00,Draft,2d65512c86baa55d7ec99e6081501d0b860c7e647f42a303fc706850465aabdc
JEV-0976,jev-demo-0976,環境活動の報告ページの運用ノート — あさぎ情報室 [JEV-0976],T20,環境活動の報告ページ,S06,あさぎ情報室,4,1,0,0,1,0,493,2025-01-11 01:00:00,Draft,8a2e69526f856037ca0426c7a43af4154364f038136027222fa89a9e89306e97
JEV-0977,jev-demo-0977,環境活動の報告ページの担当者の記録 — つむぎ広報室 [JEV-0977],T20,環境活動の報告ページ,S06,つむぎ広報室,7,1,0,0,1,0,501,2025-11-10 20:00:00,Draft,f102c70a6b03d12140e7f355df565d08b2aaa6b37793e13a287bc2b7c7f4385b
JEV-0978,jev-demo-0978,環境活動の報告ページの作業日誌 — こもれび制作室 [JEV-0978],T20,環境活動の報告ページ,S06,こもれび制作室,12,1,0,0,1,0,502,2024-01-26 07:00:00,Draft,dee58c1044edde336ef9ad4890724bd0a9e024cf2f41e186b91663ffc7e85ca6
JEV-0979,jev-demo-0979,環境活動の報告ページの現場からの報告 — みなと企画室 [JEV-0979],T20,環境活動の報告ページ,S06,みなと企画室,18,1,0,0,1,0,506,2024-11-25 02:00:00,Draft,ce732c96953998ff6085928df69b8f8f715bdc0652f756e3f7bf09c65c7de692
JEV-0980,jev-demo-0980,環境活動の報告ページの取り組みのメモ — しおり運用室 [JEV-0980],T20,環境活動の報告ページ,S06,しおり運用室,25,1,0,0,1,0,511,2025-09-24 21:00:00,Draft,d84f43fcd6d358f9eeeaaa6f9eebea8c22e589e25925451584b7cf8b99d4df65
JEV-0981,jev-demo-0981,環境活動の報告ページの運用ノート — あさぎ情報室 [JEV-0981],T20,環境活動の報告ページ,S07,あさぎ情報室,4,1,0,0,1,1,493,2026-07-25 16:00:00,Draft,aae4365afa139cebc411d1c37a67c9290cf728e3dd5f5fa82272fd77e889ca27
JEV-0982,jev-demo-0982,環境活動の報告ページの担当者の記録 — つむぎ広報室 [JEV-0982],T20,環境活動の報告ページ,S07,つむぎ広報室,7,1,0,0,1,1,501,2024-10-09 03:00:00,Draft,79442a00f8fb7c62eb139c4e35241595a40ad031bee7ab569b77074928d832b7
JEV-0983,jev-demo-0983,環境活動の報告ページの作業日誌 — こもれび制作室 [JEV-0983],T20,環境活動の報告ページ,S07,こもれび制作室,12,1,0,0,1,1,502,2025-08-08 22:00:00,Draft,197364aa278e25cfc2b769ba88b2ce2c27c70ba5df6f6a8b02b053632595ba52
JEV-0984,jev-demo-0984,環境活動の報告ページの現場からの報告 — みなと企画室 [JEV-0984],T20,環境活動の報告ページ,S07,みなと企画室,18,1,0,0,1,1,506,2026-06-08 17:00:00,Draft,9730e8656982e60644df88ecda63fbda22156b7f3c3cd1acc1007a7e5dc1219d
JEV-0985,jev-demo-0985,環境活動の報告ページの取り組みのメモ — しおり運用室 [JEV-0985],T20,環境活動の報告ページ,S07,しおり運用室,25,1,0,0,1,1,511,2024-08-23 04:00:00,Draft,97089b43da56054d9a3497bbe1fdb47c3e7003a4496d09d0ee428915589ae236
JEV-0986,jev-demo-0986,環境活動の報告ページの運用ノート — あさぎ情報室 [JEV-0986],T20,環境活動の報告ページ,S08,あさぎ情報室,4,1,1,1,0,0,544,2025-06-22 23:00:00,Draft,64cca0144d9b7daf6870df92ec450a5017fadb32ed84e329561585fd64470ccb
JEV-0987,jev-demo-0987,環境活動の報告ページの担当者の記録 — つむぎ広報室 [JEV-0987],T20,環境活動の報告ページ,S08,つむぎ広報室,7,1,1,1,0,0,552,2026-04-22 18:00:00,Draft,337ccaa8458914a8aa11dea551f341e2d4ef07c2e7545cd8c10a4a6e2160013e
JEV-0988,jev-demo-0988,環境活動の報告ページの作業日誌 — こもれび制作室 [JEV-0988],T20,環境活動の報告ページ,S08,こもれび制作室,12,1,1,1,0,0,553,2024-07-07 05:00:00,Draft,d7ff0c144bb7f36f1a3e135a6481f688dd466db28e6aa95e0af3b4e43d474cdf
JEV-0989,jev-demo-0989,環境活動の報告ページの現場からの報告 — みなと企画室 [JEV-0989],T20,環境活動の報告ページ,S08,みなと企画室,18,1,1,1,0,0,557,2025-05-07 00:00:00,Draft,a904651378cbaae93014595f108271a0d96d702d246a9d12e967f4e016db33af
JEV-0990,jev-demo-0990,環境活動の報告ページの取り組みのメモ — しおり運用室 [JEV-0990],T20,環境活動の報告ページ,S08,しおり運用室,25,1,1,1,0,0,562,2026-03-06 19:00:00,Draft,bc9905ce7fcf838d911dfc6f37edaea2b59c4776902d360772ee1e53815a0af4
JEV-0991,jev-demo-0991,環境活動の報告ページの運用ノート — あさぎ情報室 [JEV-0991],T20,環境活動の報告ページ,S09,あさぎ情報室,4,1,1,0,0,0,492,2024-05-21 06:00:00,Draft,bbc77ca3582d2503e79d93127d60108515b5d02e3947bfa3cf2e8f2e66a3372a
JEV-0992,jev-demo-0992,環境活動の報告ページの担当者の記録 — つむぎ広報室 [JEV-0992],T20,環境活動の報告ページ,S09,つむぎ広報室,7,1,1,0,0,0,500,2025-03-21 01:00:00,Draft,c0b1284c6501224f246b74132b793965192d68beaf1b22f89b735551f1987df7
JEV-0993,jev-demo-0993,環境活動の報告ページの作業日誌 — こもれび制作室 [JEV-0993],T20,環境活動の報告ページ,S09,こもれび制作室,12,1,1,0,0,0,501,2026-01-18 20:00:00,Draft,904c48d9b4b83747b84463943a15c78aa116fe9b4606e40783703af5fc1ffa7f
JEV-0994,jev-demo-0994,環境活動の報告ページの現場からの報告 — みなと企画室 [JEV-0994],T20,環境活動の報告ページ,S09,みなと企画室,18,1,1,0,0,0,505,2024-04-04 07:00:00,Draft,6291c10b156d3f8e348050d66fb12c5ff63063ae15f674b6afa26944487ad3ab
JEV-0995,jev-demo-0995,環境活動の報告ページの取り組みのメモ — しおり運用室 [JEV-0995],T20,環境活動の報告ページ,S09,しおり運用室,25,1,1,0,0,0,510,2025-02-02 02:00:00,Draft,de44aa5005fa4f6c62e1a2f3565691dcb4a67b442c29a561b0f2e42a42640b27
JEV-0996,jev-demo-0996,環境活動の報告ページの運用ノート — あさぎ情報室 [JEV-0996],T20,環境活動の報告ページ,S10,あさぎ情報室,4,1,0,0,0,0,499,2025-12-02 21:00:00,Draft,1275c07162310469bb130ad36e1b07263a185a317b694c742895122aa94d0de2
JEV-0997,jev-demo-0997,環境活動の報告ページの担当者の記録 — つむぎ広報室 [JEV-0997],T20,環境活動の報告ページ,S10,つむぎ広報室,7,1,0,0,0,0,507,2024-02-17 08:00:00,Draft,7a74df147d549941b99d29d86ea8dbfe4d40a205608ab2ac3b8abb58e6d629df
JEV-0998,jev-demo-0998,環境活動の報告ページの作業日誌 — こもれび制作室 [JEV-0998],T20,環境活動の報告ページ,S10,こもれび制作室,12,1,0,0,0,0,508,2024-12-17 03:00:00,Draft,f20af5021cf30b338e0df747121c4663c9b51ab51050cd39e76b3d9604827f8a
JEV-0999,jev-demo-0999,環境活動の報告ページの現場からの報告 — みなと企画室 [JEV-0999],T20,環境活動の報告ページ,S10,みなと企画室,18,1,0,0,0,0,512,2025-10-16 22:00:00,Draft,6c53707d66887e5b4ecd452b5cf5e277a603073daf1655445830b1686070557b
JEV-1000,jev-demo-1000,環境活動の報告ページの取り組みのメモ — しおり運用室 [JEV-1000],T20,環境活動の報告ページ,S10,しおり運用室,25,1,0,0,0,0,517,2024-01-01 09:00:00,Draft,86326409a68ebd13594a297d93238de848901eee1153bd5535ca10b44de833b1
